-- Auto-generated seed data for Vikram-Stratos

BEGIN;

INSERT INTO materials (material_id, name, category, criticality, safety_stock_level, current_quantity, reorder_point, lead_time_days, cost_per_unit) VALUES ('524160da-1ede-43c8-8631-5f662e0db3b9', 'Inconel 718 Superalloy', 'Alloy', 'Critical', 50, 200, 75.0, 14, 4500);
INSERT INTO materials (material_id, name, category, criticality, safety_stock_level, current_quantity, reorder_point, lead_time_days, cost_per_unit) VALUES ('d45b644a-4e7e-4314-bbdf-2081e5fe66ae', 'Inconel 625 Sheet', 'Alloy', 'Critical', 30, 120, 45.0, 21, 5200);
INSERT INTO materials (material_id, name, category, criticality, safety_stock_level, current_quantity, reorder_point, lead_time_days, cost_per_unit) VALUES ('6a3bdd86-a1ca-4bcf-96ab-4306690aaeaa', 'Maraging Steel 250', 'Alloy', 'High', 40, 160, 60.0, 14, 3800);
INSERT INTO materials (material_id, name, category, criticality, safety_stock_level, current_quantity, reorder_point, lead_time_days, cost_per_unit) VALUES ('ce899f55-bd7b-44c1-9d88-3e843afdfc55', 'Titanium Ti-6Al-4V Billet', 'Alloy', 'Critical', 25, 100, 37.5, 28, 7500);
INSERT INTO materials (material_id, name, category, criticality, safety_stock_level, current_quantity, reorder_point, lead_time_days, cost_per_unit) VALUES ('0aeee190-7837-496f-abee-6d78e300bd62', 'Aluminium 7075-T6 Plate', 'Alloy', 'High', 100, 400, 150.0, 7, 850);
INSERT INTO materials (material_id, name, category, criticality, safety_stock_level, current_quantity, reorder_point, lead_time_days, cost_per_unit) VALUES ('b165e338-3704-41c5-bac3-14a0e646c532', 'Aluminium 2219 Forging', 'Alloy', 'High', 60, 250, 90.0, 10, 1200);
INSERT INTO materials (material_id, name, category, criticality, safety_stock_level, current_quantity, reorder_point, lead_time_days, cost_per_unit) VALUES ('4a2bbf7a-84b0-4dba-aa4c-f5a50fc683b8', 'Copper-Chromium-Zirconium Alloy', 'Alloy', 'High', 20, 80, 30.0, 14, 3200);
INSERT INTO materials (material_id, name, category, criticality, safety_stock_level, current_quantity, reorder_point, lead_time_days, cost_per_unit) VALUES ('6e2a866a-97ad-407a-bbd7-c3bbb213c473', 'Niobium C-103 Alloy', 'Alloy', 'Critical', 10, 40, 15.0, 35, 12000);
INSERT INTO materials (material_id, name, category, criticality, safety_stock_level, current_quantity, reorder_point, lead_time_days, cost_per_unit) VALUES ('b5d12a1a-82d4-4519-8e69-888d5c06eac6', 'Tungsten-Rhenium Wire', 'Alloy', 'Medium', 5, 20, 7.5, 28, 9500);
INSERT INTO materials (material_id, name, category, criticality, safety_stock_level, current_quantity, reorder_point, lead_time_days, cost_per_unit) VALUES ('e3b2690c-6f75-46be-8dc6-21341f73436b', 'Haynes 230 Sheet', 'Alloy', 'High', 15, 60, 22.5, 21, 6800);
INSERT INTO materials (material_id, name, category, criticality, safety_stock_level, current_quantity, reorder_point, lead_time_days, cost_per_unit) VALUES ('24989d63-dc25-4bcb-baa2-76beef08dbd5', 'T700 Carbon Fiber Prepreg', 'Composite', 'Critical', 200, 800, 300.0, 14, 950);
INSERT INTO materials (material_id, name, category, criticality, safety_stock_level, current_quantity, reorder_point, lead_time_days, cost_per_unit) VALUES ('6506841d-30b9-4976-be7d-19871f018407', 'T800 Carbon Fiber Tow', 'Composite', 'Critical', 150, 600, 225.0, 21, 1400);
INSERT INTO materials (material_id, name, category, criticality, safety_stock_level, current_quantity, reorder_point, lead_time_days, cost_per_unit) VALUES ('16954e47-3c53-4734-918b-56b1f5cadd52', 'M55J High-Modulus CF', 'Composite', 'High', 80, 320, 120.0, 28, 2800);
INSERT INTO materials (material_id, name, category, criticality, safety_stock_level, current_quantity, reorder_point, lead_time_days, cost_per_unit) VALUES ('5c9fec17-a445-4f5d-ae17-3d0b0375dcfa', 'Glass Fiber S2 Prepreg', 'Composite', 'Medium', 100, 400, 150.0, 7, 320);
INSERT INTO materials (material_id, name, category, criticality, safety_stock_level, current_quantity, reorder_point, lead_time_days, cost_per_unit) VALUES ('0ebbe2c7-c3f4-4a1f-ad0a-f547b6a7e0b9', 'Kevlar 49 Fabric', 'Composite', 'High', 60, 240, 90.0, 14, 680);
INSERT INTO materials (material_id, name, category, criticality, safety_stock_level, current_quantity, reorder_point, lead_time_days, cost_per_unit) VALUES ('fd893bc1-9eed-4a77-a050-61a576f5f32e', 'Epoxy Resin System RTM-6', 'Composite', 'High', 50, 200, 75.0, 10, 420);
INSERT INTO materials (material_id, name, category, criticality, safety_stock_level, current_quantity, reorder_point, lead_time_days, cost_per_unit) VALUES ('98d957f9-8b91-4684-9d83-f1a3ed5f3ca3', 'Phenolic Ablative Compound', 'Composite', 'Critical', 30, 120, 45.0, 14, 1800);
INSERT INTO materials (material_id, name, category, criticality, safety_stock_level, current_quantity, reorder_point, lead_time_days, cost_per_unit) VALUES ('cd890b86-57e7-4899-a509-e7624125ab74', 'Silica Phenolic Tape', 'Composite', 'High', 40, 160, 60.0, 7, 560);
INSERT INTO materials (material_id, name, category, criticality, safety_stock_level, current_quantity, reorder_point, lead_time_days, cost_per_unit) VALUES ('33afd19b-339d-4d7c-a9a1-ec690f48e439', 'Carbon-Carbon Composite Disk', 'Composite', 'Critical', 8, 32, 12.0, 42, 15000);
INSERT INTO materials (material_id, name, category, criticality, safety_stock_level, current_quantity, reorder_point, lead_time_days, cost_per_unit) VALUES ('817928be-2591-41b0-9556-807f47578e04', 'Ceramic Matrix Composite Tile', 'Composite', 'High', 12, 48, 18.0, 35, 8500);
INSERT INTO materials (material_id, name, category, criticality, safety_stock_level, current_quantity, reorder_point, lead_time_days, cost_per_unit) VALUES ('32f68f3d-66e5-46ca-8640-f398fec6cabf', 'Basalt Fiber Insulation', 'Composite', 'Medium', 80, 320, 120.0, 7, 180);
INSERT INTO materials (material_id, name, category, criticality, safety_stock_level, current_quantity, reorder_point, lead_time_days, cost_per_unit) VALUES ('a6e0ede3-2164-47b3-8c99-09b1926f24c6', 'Aramid Honeycomb Core', 'Composite', 'High', 40, 160, 60.0, 14, 750);
INSERT INTO materials (material_id, name, category, criticality, safety_stock_level, current_quantity, reorder_point, lead_time_days, cost_per_unit) VALUES ('c0fb27e0-52c3-4161-8114-e186e6a8a18e', 'HTPB Solid Propellant Grain', 'Propulsion', 'Critical', 500, 2000, 750.0, 21, 280);
INSERT INTO materials (material_id, name, category, criticality, safety_stock_level, current_quantity, reorder_point, lead_time_days, cost_per_unit) VALUES ('5725a7e1-b3cd-452e-87ce-4a085c9a9256', 'Ammonium Perchlorate (AP)', 'Propulsion', 'Critical', 1000, 4000, 1500.0, 14, 85);
INSERT INTO materials (material_id, name, category, criticality, safety_stock_level, current_quantity, reorder_point, lead_time_days, cost_per_unit) VALUES ('2a836c09-1d5a-4e74-baf6-b8b6f1b4a38b', 'Aluminium Powder (propellant)', 'Propulsion', 'High', 300, 1200, 450.0, 7, 120);
INSERT INTO materials (material_id, name, category, criticality, safety_stock_level, current_quantity, reorder_point, lead_time_days, cost_per_unit) VALUES ('20f8a95e-e41c-400b-89cb-663c97cf1cdd', 'UDMH Hypergolic Fuel', 'Propulsion', 'Critical', 200, 800, 300.0, 28, 950);
INSERT INTO materials (material_id, name, category, criticality, safety_stock_level, current_quantity, reorder_point, lead_time_days, cost_per_unit) VALUES ('c18566cc-c751-4e85-8b17-86da779dd365', 'N2O4 Oxidizer', 'Propulsion', 'Critical', 200, 800, 300.0, 28, 680);
INSERT INTO materials (material_id, name, category, criticality, safety_stock_level, current_quantity, reorder_point, lead_time_days, cost_per_unit) VALUES ('8ce27403-e92b-4b3a-b497-401bf3e2cd52', 'LOX-Compatible Seal Kit', 'Propulsion', 'High', 50, 200, 75.0, 7, 340);
INSERT INTO materials (material_id, name, category, criticality, safety_stock_level, current_quantity, reorder_point, lead_time_days, cost_per_unit) VALUES ('c6d1736c-86f0-41f3-b98c-d2758ee898dc', 'Turbopump Impeller Casting', 'Propulsion', 'Critical', 4, 16, 6.0, 42, 28000);
INSERT INTO materials (material_id, name, category, criticality, safety_stock_level, current_quantity, reorder_point, lead_time_days, cost_per_unit) VALUES ('a6920ea0-7ff1-4876-9573-57490bcb01d8', 'Injector Plate Assembly', 'Propulsion', 'Critical', 4, 16, 6.0, 35, 22000);
INSERT INTO materials (material_id, name, category, criticality, safety_stock_level, current_quantity, reorder_point, lead_time_days, cost_per_unit) VALUES ('a418015c-2518-4c2a-b601-d3dc0d8c7d49', 'Nozzle Extension Segment', 'Propulsion', 'Critical', 3, 12, 4.5, 42, 35000);
INSERT INTO materials (material_id, name, category, criticality, safety_stock_level, current_quantity, reorder_point, lead_time_days, cost_per_unit) VALUES ('c266bcba-cada-4b24-aa8f-2263caf2ec25', 'Igniter Assembly Pyrotechnic', 'Propulsion', 'High', 10, 40, 15.0, 14, 4500);
INSERT INTO materials (material_id, name, category, criticality, safety_stock_level, current_quantity, reorder_point, lead_time_days, cost_per_unit) VALUES ('2704b827-3a39-4eb7-9b93-d90703ca3d0e', 'Thrust Vector Control Actuator', 'Propulsion', 'Critical', 4, 16, 6.0, 28, 18000);
INSERT INTO materials (material_id, name, category, criticality, safety_stock_level, current_quantity, reorder_point, lead_time_days, cost_per_unit) VALUES ('397c5d35-d33e-4814-88c3-97fcf5908a87', 'Propellant Tank Liner (EPDM)', 'Propulsion', 'High', 20, 80, 30.0, 14, 2200);
INSERT INTO materials (material_id, name, category, criticality, safety_stock_level, current_quantity, reorder_point, lead_time_days, cost_per_unit) VALUES ('88125954-ef91-4f87-b248-8c7bc520df49', 'IMU (Inertial Measurement Unit)', 'Avionics', 'Critical', 3, 12, 4.5, 42, 45000);
INSERT INTO materials (material_id, name, category, criticality, safety_stock_level, current_quantity, reorder_point, lead_time_days, cost_per_unit) VALUES ('d2e4550b-935c-4aa7-ad84-05114707af7a', 'Star Tracker Sensor', 'Avionics', 'Critical', 2, 8, 3.0, 56, 62000);
INSERT INTO materials (material_id, name, category, criticality, safety_stock_level, current_quantity, reorder_point, lead_time_days, cost_per_unit) VALUES ('e3eb19bc-5006-4067-9e83-a3c2ff587314', 'GPS Receiver Module', 'Avionics', 'High', 5, 20, 7.5, 14, 8500);
INSERT INTO materials (material_id, name, category, criticality, safety_stock_level, current_quantity, reorder_point, lead_time_days, cost_per_unit) VALUES ('ea45353e-9fd0-443d-9942-267ec665c69d', 'Flight Computer Board', 'Avionics', 'Critical', 4, 16, 6.0, 28, 32000);
INSERT INTO materials (material_id, name, category, criticality, safety_stock_level, current_quantity, reorder_point, lead_time_days, cost_per_unit) VALUES ('1fc63b5c-2da4-4789-8d10-422789a66231', 'Telemetry Transmitter S-Band', 'Avionics', 'High', 3, 12, 4.5, 21, 12000);
INSERT INTO materials (material_id, name, category, criticality, safety_stock_level, current_quantity, reorder_point, lead_time_days, cost_per_unit) VALUES ('871b5201-ec01-4b0e-ad16-79cf071eb9a5', 'Rate Gyroscope Package', 'Avionics', 'High', 4, 16, 6.0, 28, 9800);
INSERT INTO materials (material_id, name, category, criticality, safety_stock_level, current_quantity, reorder_point, lead_time_days, cost_per_unit) VALUES ('847b87e9-c6c3-4605-b916-9de4e885f0b5', 'Accelerometer Module', 'Avionics', 'High', 6, 24, 9.0, 14, 5600);
INSERT INTO materials (material_id, name, category, criticality, safety_stock_level, current_quantity, reorder_point, lead_time_days, cost_per_unit) VALUES ('c21a1ada-d4ee-4636-8651-941793f11052', 'Command Decoder Unit', 'Avionics', 'Medium', 4, 16, 6.0, 21, 7200);
INSERT INTO materials (material_id, name, category, criticality, safety_stock_level, current_quantity, reorder_point, lead_time_days, cost_per_unit) VALUES ('a4098739-5ccd-477a-8efd-2fae9e91199d', 'Data Acquisition System', 'Avionics', 'High', 3, 12, 4.5, 14, 11000);
INSERT INTO materials (material_id, name, category, criticality, safety_stock_level, current_quantity, reorder_point, lead_time_days, cost_per_unit) VALUES ('fc06e5f7-30bc-4407-ba1c-346380729d0d', 'Separation Electronics Box', 'Avionics', 'High', 4, 16, 6.0, 21, 8800);
INSERT INTO materials (material_id, name, category, criticality, safety_stock_level, current_quantity, reorder_point, lead_time_days, cost_per_unit) VALUES ('1ced20f0-ba79-49ad-b564-f6edcf0ce425', 'MLI Blanket Assembly', 'Thermal', 'High', 30, 120, 45.0, 14, 1200);
INSERT INTO materials (material_id, name, category, criticality, safety_stock_level, current_quantity, reorder_point, lead_time_days, cost_per_unit) VALUES ('3c51b11c-c4ca-4868-8b04-64762a832178', 'Cork Thermal Shield', 'Thermal', 'Medium', 50, 200, 75.0, 7, 340);
INSERT INTO materials (material_id, name, category, criticality, safety_stock_level, current_quantity, reorder_point, lead_time_days, cost_per_unit) VALUES ('545ca2a1-fecc-4ea1-a2d0-941c9e5b533c', 'RTV Silicone Ablator', 'Thermal', 'High', 25, 100, 37.5, 10, 680);
INSERT INTO materials (material_id, name, category, criticality, safety_stock_level, current_quantity, reorder_point, lead_time_days, cost_per_unit) VALUES ('d8080836-a468-4b62-a489-33f897d41490', 'Thermal Paint AZ-93', 'Thermal', 'Medium', 20, 80, 30.0, 7, 420);
INSERT INTO materials (material_id, name, category, criticality, safety_stock_level, current_quantity, reorder_point, lead_time_days, cost_per_unit) VALUES ('558662a6-ab1c-40f7-91b0-11211bcb576f', 'Heat Pipe Assembly', 'Thermal', 'High', 6, 24, 9.0, 28, 5400);
INSERT INTO materials (material_id, name, category, criticality, safety_stock_level, current_quantity, reorder_point, lead_time_days, cost_per_unit) VALUES ('a4493236-13c1-4ade-867f-79c455a5578f', 'Graphite Heat Spreader', 'Thermal', 'Medium', 10, 40, 15.0, 14, 1800);
INSERT INTO materials (material_id, name, category, criticality, safety_stock_level, current_quantity, reorder_point, lead_time_days, cost_per_unit) VALUES ('d655d2ce-716b-4197-9289-a1a4a6842cab', 'Interstage Adapter Ring', 'Structural', 'Critical', 2, 8, 3.0, 35, 42000);
INSERT INTO materials (material_id, name, category, criticality, safety_stock_level, current_quantity, reorder_point, lead_time_days, cost_per_unit) VALUES ('7403c144-1b40-4dcd-bd78-50d887f4cd3e', 'Payload Fairing Half-Shell', 'Structural', 'Critical', 2, 8, 3.0, 42, 55000);
INSERT INTO materials (material_id, name, category, criticality, safety_stock_level, current_quantity, reorder_point, lead_time_days, cost_per_unit) VALUES ('55eabc70-16ad-4bc5-ae63-44649377f285', 'Aft Skirt Structure', 'Structural', 'High', 2, 8, 3.0, 28, 28000);
INSERT INTO materials (material_id, name, category, criticality, safety_stock_level, current_quantity, reorder_point, lead_time_days, cost_per_unit) VALUES ('6a90fdd6-7736-4cbe-a885-f2973f8abc09', 'Bulkhead Forging (Dome)', 'Structural', 'Critical', 4, 16, 6.0, 28, 18000);
INSERT INTO materials (material_id, name, category, criticality, safety_stock_level, current_quantity, reorder_point, lead_time_days, cost_per_unit) VALUES ('6ca0c168-055d-4f26-8365-45b9f54cb2ae', 'Stage Separation Bolt (Pyro)', 'Structural', 'High', 20, 80, 30.0, 14, 2200);
INSERT INTO materials (material_id, name, category, criticality, safety_stock_level, current_quantity, reorder_point, lead_time_days, cost_per_unit) VALUES ('9312d9b6-b7c9-4812-946a-8689ac421a66', 'Umbilical Connector Panel', 'Structural', 'Medium', 4, 16, 6.0, 14, 3600);
INSERT INTO materials (material_id, name, category, criticality, safety_stock_level, current_quantity, reorder_point, lead_time_days, cost_per_unit) VALUES ('252cf6dd-e1f9-465b-9278-bc67bc937713', 'Launch Rail Guide Shoe', 'Structural', 'Medium', 8, 32, 12.0, 7, 1400);
INSERT INTO materials (material_id, name, category, criticality, safety_stock_level, current_quantity, reorder_point, lead_time_days, cost_per_unit) VALUES ('6f435b28-61e1-4c49-813b-312be2d0ba67', 'Tank Weld Ring Forging', 'Structural', 'High', 6, 24, 9.0, 21, 9500);
INSERT INTO materials (material_id, name, category, criticality, safety_stock_level, current_quantity, reorder_point, lead_time_days, cost_per_unit) VALUES ('d1cf56c7-365d-4a6f-9bd8-498362577f3b', 'Cryogenic Valve Assembly', 'Fluid', 'Critical', 4, 16, 6.0, 28, 14000);
INSERT INTO materials (material_id, name, category, criticality, safety_stock_level, current_quantity, reorder_point, lead_time_days, cost_per_unit) VALUES ('0df9bada-08c6-40f7-b9b5-cdb180d8d473', 'Pressure Regulator (He)', 'Fluid', 'High', 6, 24, 9.0, 14, 6800);
INSERT INTO materials (material_id, name, category, criticality, safety_stock_level, current_quantity, reorder_point, lead_time_days, cost_per_unit) VALUES ('7f72fd26-6122-4441-a40a-822e30a1824d', 'COPV Helium Tank', 'Fluid', 'Critical', 3, 12, 4.5, 35, 38000);
INSERT INTO materials (material_id, name, category, criticality, safety_stock_level, current_quantity, reorder_point, lead_time_days, cost_per_unit) VALUES ('3e6d0778-c67e-43e1-a0a0-e4fc951a23c7', 'Fill & Drain Valve', 'Fluid', 'Medium', 8, 32, 12.0, 10, 2400);
INSERT INTO materials (material_id, name, category, criticality, safety_stock_level, current_quantity, reorder_point, lead_time_days, cost_per_unit) VALUES ('0cbd0c8b-82bd-4a50-89b9-fc07de14c0d2', 'Flex Hose Assembly', 'Fluid', 'High', 12, 48, 18.0, 7, 1800);
INSERT INTO materials (material_id, name, category, criticality, safety_stock_level, current_quantity, reorder_point, lead_time_days, cost_per_unit) VALUES ('a7cdd333-4599-4e65-ad0f-7a6930dfa5e1', 'Quick-Disconnect Coupling', 'Fluid', 'Medium', 10, 40, 15.0, 7, 1200);
INSERT INTO materials (material_id, name, category, criticality, safety_stock_level, current_quantity, reorder_point, lead_time_days, cost_per_unit) VALUES ('c0d197cb-9bac-465f-8a33-fc525ec532d5', 'Pyrotechnic Valve', 'Fluid', 'High', 8, 32, 12.0, 14, 4800);
INSERT INTO materials (material_id, name, category, criticality, safety_stock_level, current_quantity, reorder_point, lead_time_days, cost_per_unit) VALUES ('55d76cbf-5293-4e57-ac43-210ac6d43d89', 'Pressure Transducer', 'Fluid', 'Medium', 15, 60, 22.5, 7, 950);
INSERT INTO materials (material_id, name, category, criticality, safety_stock_level, current_quantity, reorder_point, lead_time_days, cost_per_unit) VALUES ('a537f967-4605-441b-bac4-90c281d7e504', 'Harness Assembly (Main)', 'Electrical', 'High', 4, 16, 6.0, 14, 8500);
INSERT INTO materials (material_id, name, category, criticality, safety_stock_level, current_quantity, reorder_point, lead_time_days, cost_per_unit) VALUES ('62ebbf75-8249-4ee3-b5eb-4bc0245ba60f', 'Ordnance Controller Box', 'Electrical', 'High', 3, 12, 4.5, 21, 6200);
INSERT INTO materials (material_id, name, category, criticality, safety_stock_level, current_quantity, reorder_point, lead_time_days, cost_per_unit) VALUES ('8f566dd6-ceec-4c1e-a42e-238f3bed2642', 'Power Distribution Unit', 'Electrical', 'High', 3, 12, 4.5, 14, 7800);
INSERT INTO materials (material_id, name, category, criticality, safety_stock_level, current_quantity, reorder_point, lead_time_days, cost_per_unit) VALUES ('2f85d340-ba17-4f3b-930f-526180d8cadd', 'Battery Pack (Li-Ion Flight)', 'Electrical', 'Critical', 4, 16, 6.0, 21, 12000);
INSERT INTO materials (material_id, name, category, criticality, safety_stock_level, current_quantity, reorder_point, lead_time_days, cost_per_unit) VALUES ('bbf18af0-d831-4387-a479-b54e4d5fc0ba', 'Umbilical Cable Assembly', 'Electrical', 'Medium', 4, 16, 6.0, 10, 3400);
INSERT INTO materials (material_id, name, category, criticality, safety_stock_level, current_quantity, reorder_point, lead_time_days, cost_per_unit) VALUES ('c9084421-d75e-42bc-b631-859f07ec6964', 'RF Coaxial Cable Set', 'Electrical', 'Medium', 10, 40, 15.0, 7, 680);
INSERT INTO materials (material_id, name, category, criticality, safety_stock_level, current_quantity, reorder_point, lead_time_days, cost_per_unit) VALUES ('ab1cecdc-e94d-4a38-89fb-5548f9f38196', 'Pyro Initiator (EBW)', 'Electrical', 'High', 30, 120, 45.0, 14, 1500);
INSERT INTO materials (material_id, name, category, criticality, safety_stock_level, current_quantity, reorder_point, lead_time_days, cost_per_unit) VALUES ('155c549a-f5b6-4855-a37a-81a41eb1df4d', 'Solar Cell Panel (if appl.)', 'Electrical', 'Medium', 4, 16, 6.0, 28, 9200);
INSERT INTO materials (material_id, name, category, criticality, safety_stock_level, current_quantity, reorder_point, lead_time_days, cost_per_unit) VALUES ('2f6f8b29-756b-47f7-ad1f-f6f5716d1b5f', 'Ablative Nozzle Insert', 'Propulsion', 'Critical', 4, 16, 6.0, 28, 16000);
INSERT INTO materials (material_id, name, category, criticality, safety_stock_level, current_quantity, reorder_point, lead_time_days, cost_per_unit) VALUES ('6882a170-da9a-493a-a8f9-d3a8390f5eec', 'Composite Overwrap Tank', 'Structural', 'Critical', 3, 12, 4.5, 35, 32000);
INSERT INTO materials (material_id, name, category, criticality, safety_stock_level, current_quantity, reorder_point, lead_time_days, cost_per_unit) VALUES ('97561058-7ebc-4b42-9924-caa8ddb55341', 'Flex Bearing (TVC)', 'Propulsion', 'Critical', 4, 16, 6.0, 35, 24000);
INSERT INTO materials (material_id, name, category, criticality, safety_stock_level, current_quantity, reorder_point, lead_time_days, cost_per_unit) VALUES ('25877442-ee1b-4e3b-9989-c79c12f89e4b', 'Reaction Control Thruster', 'Propulsion', 'High', 8, 32, 12.0, 21, 9500);
INSERT INTO materials (material_id, name, category, criticality, safety_stock_level, current_quantity, reorder_point, lead_time_days, cost_per_unit) VALUES ('e56e32cc-c62a-4116-aa27-78e7f62226fd', 'Antenna Assembly (S-Band)', 'Avionics', 'High', 3, 12, 4.5, 14, 7200);
INSERT INTO materials (material_id, name, category, criticality, safety_stock_level, current_quantity, reorder_point, lead_time_days, cost_per_unit) VALUES ('9ecae36b-c0a2-4468-9140-c30f839ad4f9', 'Transponder Unit', 'Avionics', 'High', 2, 8, 3.0, 21, 15000);
INSERT INTO materials (material_id, name, category, criticality, safety_stock_level, current_quantity, reorder_point, lead_time_days, cost_per_unit) VALUES ('ee50af8d-c745-405d-bb9d-2cdd06c3545c', 'Safe & Arm Device', 'Electrical', 'Critical', 4, 16, 6.0, 28, 11000);
INSERT INTO materials (material_id, name, category, criticality, safety_stock_level, current_quantity, reorder_point, lead_time_days, cost_per_unit) VALUES ('31b59c29-feb0-4bb8-89b2-a0d1bbf41943', 'Linear Shaped Charge', 'Structural', 'High', 12, 48, 18.0, 14, 3200);
INSERT INTO materials (material_id, name, category, criticality, safety_stock_level, current_quantity, reorder_point, lead_time_days, cost_per_unit) VALUES ('ea36e74a-68eb-42c8-9106-e28fbd5fe63f', 'Detonation Cord Assembly', 'Structural', 'Medium', 20, 80, 30.0, 7, 850);
INSERT INTO materials (material_id, name, category, criticality, safety_stock_level, current_quantity, reorder_point, lead_time_days, cost_per_unit) VALUES ('fb28f607-5be4-45ba-8702-df78eba1987e', 'Stage Coupling Ring', 'Structural', 'High', 2, 8, 3.0, 28, 19000);
INSERT INTO materials (material_id, name, category, criticality, safety_stock_level, current_quantity, reorder_point, lead_time_days, cost_per_unit) VALUES ('07cabfc0-07f7-4cf2-9f69-a6358b2cf725', 'Composite Nose Cone Tip', 'Thermal', 'High', 2, 8, 3.0, 21, 8500);
INSERT INTO materials (material_id, name, category, criticality, safety_stock_level, current_quantity, reorder_point, lead_time_days, cost_per_unit) VALUES ('07e5afad-fce2-44ad-b22d-648adc8bdc09', 'Erosion-Resistant Coating', 'Thermal', 'Medium', 15, 60, 22.5, 7, 1200);
INSERT INTO materials (material_id, name, category, criticality, safety_stock_level, current_quantity, reorder_point, lead_time_days, cost_per_unit) VALUES ('78d8fa24-d067-4a5d-bb4d-9af90818b7b3', 'Cryogenic Insulation Foam', 'Thermal', 'High', 40, 160, 60.0, 10, 480);
INSERT INTO materials (material_id, name, category, criticality, safety_stock_level, current_quantity, reorder_point, lead_time_days, cost_per_unit) VALUES ('6518962f-516d-437b-a82b-ba466559ea20', 'Strain Gauge Kit', 'Avionics', 'Medium', 50, 200, 75.0, 7, 320);
INSERT INTO materials (material_id, name, category, criticality, safety_stock_level, current_quantity, reorder_point, lead_time_days, cost_per_unit) VALUES ('60a55124-23c6-4c15-b081-be9324000d50', 'Vibration Isolator Mount', 'Structural', 'Medium', 20, 80, 30.0, 7, 560);
INSERT INTO materials (material_id, name, category, criticality, safety_stock_level, current_quantity, reorder_point, lead_time_days, cost_per_unit) VALUES ('0f0fd8d5-c1cd-4649-bd95-ddbca31bb25a', 'O-Ring Kit (Viton)', 'Fluid', 'High', 100, 400, 150.0, 5, 45);
INSERT INTO materials (material_id, name, category, criticality, safety_stock_level, current_quantity, reorder_point, lead_time_days, cost_per_unit) VALUES ('988de518-33e1-4cd1-8418-bd1917382638', 'Gasket Set (Inconel)', 'Fluid', 'Medium', 40, 160, 60.0, 10, 280);
INSERT INTO materials (material_id, name, category, criticality, safety_stock_level, current_quantity, reorder_point, lead_time_days, cost_per_unit) VALUES ('2d65446b-c150-439e-92b3-b22600258f1f', 'Fastener Kit Grade-8 Ti', 'Structural', 'High', 500, 2000, 750.0, 7, 12);
INSERT INTO materials (material_id, name, category, criticality, safety_stock_level, current_quantity, reorder_point, lead_time_days, cost_per_unit) VALUES ('23695e1d-62b1-4c1b-ab4d-30d8e08fcb0d', 'Shim Stock Assortment', 'Structural', 'Low', 100, 400, 150.0, 5, 8);
INSERT INTO materials (material_id, name, category, criticality, safety_stock_level, current_quantity, reorder_point, lead_time_days, cost_per_unit) VALUES ('ac371004-a3aa-462c-8810-8d86b3d13254', 'Adhesive Film (AF-163)', 'Composite', 'Medium', 30, 120, 45.0, 10, 640);
INSERT INTO materials (material_id, name, category, criticality, safety_stock_level, current_quantity, reorder_point, lead_time_days, cost_per_unit) VALUES ('346a7196-96be-4cc6-a851-84efe4717b72', 'Potting Compound (RTV)', 'Electrical', 'Medium', 20, 80, 30.0, 7, 280);
INSERT INTO materials (material_id, name, category, criticality, safety_stock_level, current_quantity, reorder_point, lead_time_days, cost_per_unit) VALUES ('90bfe302-5a6c-441b-afbf-97d44ebece59', 'Wire Bundle Clamp Set', 'Electrical', 'Low', 200, 800, 300.0, 5, 5);
INSERT INTO materials (material_id, name, category, criticality, safety_stock_level, current_quantity, reorder_point, lead_time_days, cost_per_unit) VALUES ('464a9a90-1940-4e1b-963c-509d9286db09', 'Thermal Interface Material', 'Thermal', 'Medium', 25, 100, 37.5, 7, 380);
INSERT INTO materials (material_id, name, category, criticality, safety_stock_level, current_quantity, reorder_point, lead_time_days, cost_per_unit) VALUES ('17614fb7-8bc2-4e62-adaf-8baccaaf4560', 'EMI Shielding Tape', 'Electrical', 'Medium', 30, 120, 45.0, 5, 120);
INSERT INTO materials (material_id, name, category, criticality, safety_stock_level, current_quantity, reorder_point, lead_time_days, cost_per_unit) VALUES ('e8ae5551-a827-427b-841a-aa79532f9173', 'Conformal Coating', 'Electrical', 'Medium', 15, 60, 22.5, 7, 220);
INSERT INTO materials (material_id, name, category, criticality, safety_stock_level, current_quantity, reorder_point, lead_time_days, cost_per_unit) VALUES ('95a9f2df-545c-4606-99ee-414ddd1e0608', 'Desiccant Canister', 'Fluid', 'Low', 40, 160, 60.0, 5, 35);
INSERT INTO materials (material_id, name, category, criticality, safety_stock_level, current_quantity, reorder_point, lead_time_days, cost_per_unit) VALUES ('f299b5b8-bc76-40ee-a689-d0dab02b1b66', 'Torque Seal Compound', 'Structural', 'Low', 20, 80, 30.0, 3, 25);
INSERT INTO materials (material_id, name, category, criticality, safety_stock_level, current_quantity, reorder_point, lead_time_days, cost_per_unit) VALUES ('dff86d03-b285-4138-8128-a226dafb3587', 'Cleaning Solvent (IPA)', 'Propulsion', 'Low', 50, 200, 75.0, 3, 15);
INSERT INTO suppliers (supplier_id, name, region, lead_time_reliability_index, quality_score, capacity_utilization) VALUES ('4f2d3767-b381-4e75-be34-1b31054d5f24', 'Mishra Dhatu Nigam (MIDHANI)', 'Hyderabad', 0.92, 0.95, 78.7);
INSERT INTO suppliers (supplier_id, name, region, lead_time_reliability_index, quality_score, capacity_utilization) VALUES ('02af568f-a54b-4093-9063-85f723f4b1e0', 'Godrej Aerospace', 'Hyderabad', 0.88, 0.91, 55.9);
INSERT INTO suppliers (supplier_id, name, region, lead_time_reliability_index, quality_score, capacity_utilization) VALUES ('84d61f16-31b9-46a5-ad97-eac842021ec1', 'Hindustan Aeronautics Ltd', 'Bangalore', 0.9, 0.93, 65.2);
INSERT INTO suppliers (supplier_id, name, region, lead_time_reliability_index, quality_score, capacity_utilization) VALUES ('7c03680c-d3eb-4ecb-b1ef-9a7db9719fe4', 'Walchandnagar Industries', 'Pune', 0.85, 0.88, 63.3);
INSERT INTO suppliers (supplier_id, name, region, lead_time_reliability_index, quality_score, capacity_utilization) VALUES ('4e6fa9f4-f903-4fb6-955a-f7e7f8c5b9f9', 'Astra Microwave Products', 'Hyderabad', 0.87, 0.9, 82.2);
INSERT INTO suppliers (supplier_id, name, region, lead_time_reliability_index, quality_score, capacity_utilization) VALUES ('4fdc15c5-3191-4072-a09e-94b2b457f10b', 'Centum Electronics', 'Bangalore', 0.84, 0.89, 80.0);
INSERT INTO suppliers (supplier_id, name, region, lead_time_reliability_index, quality_score, capacity_utilization) VALUES ('f8e7044e-c18f-4d7a-ba56-cd379114d530', 'Data Patterns India', 'Chennai', 0.86, 0.91, 88.0);
INSERT INTO suppliers (supplier_id, name, region, lead_time_reliability_index, quality_score, capacity_utilization) VALUES ('800a9f28-3b5e-4574-8a31-275493f68558', 'Dynamatic Technologies', 'Bangalore', 0.83, 0.87, 58.2);
INSERT INTO suppliers (supplier_id, name, region, lead_time_reliability_index, quality_score, capacity_utilization) VALUES ('6e59cd1f-c2ad-45ce-988c-1a0a2c8b7f28', 'MTAR Technologies', 'Hyderabad', 0.91, 0.94, 70.6);
INSERT INTO suppliers (supplier_id, name, region, lead_time_reliability_index, quality_score, capacity_utilization) VALUES ('ae50f971-5508-4baf-a55d-1c3344f364e5', 'Azista BST Aerospace', 'Hyderabad', 0.82, 0.86, 56.1);
INSERT INTO suppliers (supplier_id, name, region, lead_time_reliability_index, quality_score, capacity_utilization) VALUES ('16cf6c30-071a-4f74-8714-41f328365ab0', 'VEM Technologies', 'Hyderabad', 0.89, 0.92, 63.1);
INSERT INTO suppliers (supplier_id, name, region, lead_time_reliability_index, quality_score, capacity_utilization) VALUES ('4bbd8a9d-9b5f-4f53-9a5b-e96d61936295', 'Anant Technologies', 'Hyderabad', 0.8, 0.85, 73.7);
INSERT INTO suppliers (supplier_id, name, region, lead_time_reliability_index, quality_score, capacity_utilization) VALUES ('08c49e72-2cf2-4b32-813b-51aa797f40a3', 'L&T Defence', 'Nagpur', 0.93, 0.94, 56.0);
INSERT INTO suppliers (supplier_id, name, region, lead_time_reliability_index, quality_score, capacity_utilization) VALUES ('1fbf75dc-029b-4641-ad81-50248b95cd87', 'Solar Industries', 'Nagpur', 0.88, 0.9, 62.4);
INSERT INTO suppliers (supplier_id, name, region, lead_time_reliability_index, quality_score, capacity_utilization) VALUES ('bf4201f5-3e43-4982-a542-63361b089285', 'Bharat Dynamics Ltd', 'Hyderabad', 0.91, 0.93, 79.0);
INSERT INTO suppliers (supplier_id, name, region, lead_time_reliability_index, quality_score, capacity_utilization) VALUES ('06941afe-53f9-4898-96f7-1e261ef3e070', 'Precision Castparts (India)', 'Pune', 0.86, 0.92, 75.2);
INSERT INTO suppliers (supplier_id, name, region, lead_time_reliability_index, quality_score, capacity_utilization) VALUES ('965a4d52-ee90-4ff5-8df1-23e5f30f1e76', 'Sandvik Asia', 'Pune', 0.9, 0.93, 63.2);
INSERT INTO suppliers (supplier_id, name, region, lead_time_reliability_index, quality_score, capacity_utilization) VALUES ('9bda095f-7e76-46cb-80d6-c0921ff49b7c', 'Tata Advanced Materials', 'Bangalore', 0.92, 0.95, 76.8);
INSERT INTO suppliers (supplier_id, name, region, lead_time_reliability_index, quality_score, capacity_utilization) VALUES ('d8aae737-7e0e-46fb-b7b9-aeef0c82fd43', 'Toray Advanced Composites India', 'Global', 0.94, 0.96, 84.9);
INSERT INTO suppliers (supplier_id, name, region, lead_time_reliability_index, quality_score, capacity_utilization) VALUES ('433ca6ec-7556-4cba-bc2b-d450d6c39f08', 'Hexcel Corporation India', 'Global', 0.93, 0.95, 55.2);
INSERT INTO suppliers (supplier_id, name, region, lead_time_reliability_index, quality_score, capacity_utilization) VALUES ('73a7bc50-a66d-4759-a5ef-08ebe543b0ef', 'Special Metals Wiggin (India)', 'Global', 0.91, 0.94, 84.8);
INSERT INTO suppliers (supplier_id, name, region, lead_time_reliability_index, quality_score, capacity_utilization) VALUES ('265dbae7-f651-4b74-8a62-e78ea463402b', 'Economic Explosives Ltd', 'Nagpur', 0.85, 0.88, 80.8);
INSERT INTO suppliers (supplier_id, name, region, lead_time_reliability_index, quality_score, capacity_utilization) VALUES ('6ec0a4d8-c8e8-4591-bd76-fa9596598c41', 'Kalyani Group Aerospace', 'Pune', 0.87, 0.9, 67.6);
INSERT INTO material_suppliers (material_id, supplier_id, price_per_unit, min_order_quantity, delivery_lead_days, is_primary) VALUES ('524160da-1ede-43c8-8631-5f662e0db3b9', 'f8e7044e-c18f-4d7a-ba56-cd379114d530', 5126.86, 5, 16, TRUE);
INSERT INTO material_suppliers (material_id, supplier_id, price_per_unit, min_order_quantity, delivery_lead_days, is_primary) VALUES ('d45b644a-4e7e-4314-bbdf-2081e5fe66ae', '84d61f16-31b9-46a5-ad97-eac842021ec1', 5173.91, 3, 23, TRUE);
INSERT INTO material_suppliers (material_id, supplier_id, price_per_unit, min_order_quantity, delivery_lead_days, is_primary) VALUES ('6a3bdd86-a1ca-4bcf-96ab-4306690aaeaa', '433ca6ec-7556-4cba-bc2b-d450d6c39f08', 4186.77, 4, 18, TRUE);
INSERT INTO material_suppliers (material_id, supplier_id, price_per_unit, min_order_quantity, delivery_lead_days, is_primary) VALUES ('6a3bdd86-a1ca-4bcf-96ab-4306690aaeaa', '6e59cd1f-c2ad-45ce-988c-1a0a2c8b7f28', 3929.42, 4, 17, FALSE);
INSERT INTO material_suppliers (material_id, supplier_id, price_per_unit, min_order_quantity, delivery_lead_days, is_primary) VALUES ('ce899f55-bd7b-44c1-9d88-3e843afdfc55', '9bda095f-7e76-46cb-80d6-c0921ff49b7c', 7299.71, 2, 35, TRUE);
INSERT INTO material_suppliers (material_id, supplier_id, price_per_unit, min_order_quantity, delivery_lead_days, is_primary) VALUES ('0aeee190-7837-496f-abee-6d78e300bd62', '4bbd8a9d-9b5f-4f53-9a5b-e96d61936295', 914.72, 10, 4, TRUE);
INSERT INTO material_suppliers (material_id, supplier_id, price_per_unit, min_order_quantity, delivery_lead_days, is_primary) VALUES ('0aeee190-7837-496f-abee-6d78e300bd62', 'd8aae737-7e0e-46fb-b7b9-aeef0c82fd43', 905.52, 10, 8, FALSE);
INSERT INTO material_suppliers (material_id, supplier_id, price_per_unit, min_order_quantity, delivery_lead_days, is_primary) VALUES ('0aeee190-7837-496f-abee-6d78e300bd62', 'f8e7044e-c18f-4d7a-ba56-cd379114d530', 974.36, 10, 7, FALSE);
INSERT INTO material_suppliers (material_id, supplier_id, price_per_unit, min_order_quantity, delivery_lead_days, is_primary) VALUES ('b165e338-3704-41c5-bac3-14a0e646c532', '08c49e72-2cf2-4b32-813b-51aa797f40a3', 1163.39, 6, 17, TRUE);
INSERT INTO material_suppliers (material_id, supplier_id, price_per_unit, min_order_quantity, delivery_lead_days, is_primary) VALUES ('4a2bbf7a-84b0-4dba-aa4c-f5a50fc683b8', '4fdc15c5-3191-4072-a09e-94b2b457f10b', 3164.22, 2, 21, TRUE);
INSERT INTO material_suppliers (material_id, supplier_id, price_per_unit, min_order_quantity, delivery_lead_days, is_primary) VALUES ('4a2bbf7a-84b0-4dba-aa4c-f5a50fc683b8', '4bbd8a9d-9b5f-4f53-9a5b-e96d61936295', 3093.58, 2, 21, FALSE);
INSERT INTO material_suppliers (material_id, supplier_id, price_per_unit, min_order_quantity, delivery_lead_days, is_primary) VALUES ('6e2a866a-97ad-407a-bbd7-c3bbb213c473', '84d61f16-31b9-46a5-ad97-eac842021ec1', 11313.42, 1, 35, TRUE);
INSERT INTO material_suppliers (material_id, supplier_id, price_per_unit, min_order_quantity, delivery_lead_days, is_primary) VALUES ('6e2a866a-97ad-407a-bbd7-c3bbb213c473', '433ca6ec-7556-4cba-bc2b-d450d6c39f08', 11290.21, 1, 38, FALSE);
INSERT INTO material_suppliers (material_id, supplier_id, price_per_unit, min_order_quantity, delivery_lead_days, is_primary) VALUES ('6e2a866a-97ad-407a-bbd7-c3bbb213c473', '73a7bc50-a66d-4759-a5ef-08ebe543b0ef', 11609.84, 1, 42, FALSE);
INSERT INTO material_suppliers (material_id, supplier_id, price_per_unit, min_order_quantity, delivery_lead_days, is_primary) VALUES ('b5d12a1a-82d4-4519-8e69-888d5c06eac6', '9bda095f-7e76-46cb-80d6-c0921ff49b7c', 9320.17, 1, 25, TRUE);
INSERT INTO material_suppliers (material_id, supplier_id, price_per_unit, min_order_quantity, delivery_lead_days, is_primary) VALUES ('b5d12a1a-82d4-4519-8e69-888d5c06eac6', '800a9f28-3b5e-4574-8a31-275493f68558', 9093.99, 1, 25, FALSE);
INSERT INTO material_suppliers (material_id, supplier_id, price_per_unit, min_order_quantity, delivery_lead_days, is_primary) VALUES ('b5d12a1a-82d4-4519-8e69-888d5c06eac6', '265dbae7-f651-4b74-8a62-e78ea463402b', 10461.98, 1, 31, FALSE);
INSERT INTO material_suppliers (material_id, supplier_id, price_per_unit, min_order_quantity, delivery_lead_days, is_primary) VALUES ('e3b2690c-6f75-46be-8dc6-21341f73436b', '84d61f16-31b9-46a5-ad97-eac842021ec1', 7672.33, 1, 27, TRUE);
INSERT INTO material_suppliers (material_id, supplier_id, price_per_unit, min_order_quantity, delivery_lead_days, is_primary) VALUES ('e3b2690c-6f75-46be-8dc6-21341f73436b', 'f8e7044e-c18f-4d7a-ba56-cd379114d530', 7609.82, 1, 23, FALSE);
INSERT INTO material_suppliers (material_id, supplier_id, price_per_unit, min_order_quantity, delivery_lead_days, is_primary) VALUES ('24989d63-dc25-4bcb-baa2-76beef08dbd5', '73a7bc50-a66d-4759-a5ef-08ebe543b0ef', 973.57, 20, 21, TRUE);
INSERT INTO material_suppliers (material_id, supplier_id, price_per_unit, min_order_quantity, delivery_lead_days, is_primary) VALUES ('6506841d-30b9-4976-be7d-19871f018407', '4e6fa9f4-f903-4fb6-955a-f7e7f8c5b9f9', 1308.87, 15, 26, TRUE);
INSERT INTO material_suppliers (material_id, supplier_id, price_per_unit, min_order_quantity, delivery_lead_days, is_primary) VALUES ('6506841d-30b9-4976-be7d-19871f018407', '6e59cd1f-c2ad-45ce-988c-1a0a2c8b7f28', 1448.64, 15, 27, FALSE);
INSERT INTO material_suppliers (material_id, supplier_id, price_per_unit, min_order_quantity, delivery_lead_days, is_primary) VALUES ('16954e47-3c53-4734-918b-56b1f5cadd52', 'd8aae737-7e0e-46fb-b7b9-aeef0c82fd43', 2773.4, 8, 27, TRUE);
INSERT INTO material_suppliers (material_id, supplier_id, price_per_unit, min_order_quantity, delivery_lead_days, is_primary) VALUES ('16954e47-3c53-4734-918b-56b1f5cadd52', '08c49e72-2cf2-4b32-813b-51aa797f40a3', 2876.67, 8, 26, FALSE);
INSERT INTO material_suppliers (material_id, supplier_id, price_per_unit, min_order_quantity, delivery_lead_days, is_primary) VALUES ('5c9fec17-a445-4f5d-ae17-3d0b0375dcfa', '7c03680c-d3eb-4ecb-b1ef-9a7db9719fe4', 300.23, 10, 6, TRUE);
INSERT INTO material_suppliers (material_id, supplier_id, price_per_unit, min_order_quantity, delivery_lead_days, is_primary) VALUES ('0ebbe2c7-c3f4-4a1f-ad0a-f547b6a7e0b9', '1fbf75dc-029b-4641-ad81-50248b95cd87', 677.41, 6, 20, TRUE);
INSERT INTO material_suppliers (material_id, supplier_id, price_per_unit, min_order_quantity, delivery_lead_days, is_primary) VALUES ('0ebbe2c7-c3f4-4a1f-ad0a-f547b6a7e0b9', '433ca6ec-7556-4cba-bc2b-d450d6c39f08', 781.34, 6, 19, FALSE);
INSERT INTO material_suppliers (material_id, supplier_id, price_per_unit, min_order_quantity, delivery_lead_days, is_primary) VALUES ('0ebbe2c7-c3f4-4a1f-ad0a-f547b6a7e0b9', '84d61f16-31b9-46a5-ad97-eac842021ec1', 654.74, 6, 19, FALSE);
INSERT INTO material_suppliers (material_id, supplier_id, price_per_unit, min_order_quantity, delivery_lead_days, is_primary) VALUES ('fd893bc1-9eed-4a77-a050-61a576f5f32e', '265dbae7-f651-4b74-8a62-e78ea463402b', 453.68, 5, 17, TRUE);
INSERT INTO material_suppliers (material_id, supplier_id, price_per_unit, min_order_quantity, delivery_lead_days, is_primary) VALUES ('98d957f9-8b91-4684-9d83-f1a3ed5f3ca3', '6e59cd1f-c2ad-45ce-988c-1a0a2c8b7f28', 1670.2, 3, 17, TRUE);
INSERT INTO material_suppliers (material_id, supplier_id, price_per_unit, min_order_quantity, delivery_lead_days, is_primary) VALUES ('98d957f9-8b91-4684-9d83-f1a3ed5f3ca3', '73a7bc50-a66d-4759-a5ef-08ebe543b0ef', 1691.17, 3, 11, FALSE);
INSERT INTO material_suppliers (material_id, supplier_id, price_per_unit, min_order_quantity, delivery_lead_days, is_primary) VALUES ('98d957f9-8b91-4684-9d83-f1a3ed5f3ca3', '16cf6c30-071a-4f74-8714-41f328365ab0', 2049.22, 3, 15, FALSE);
INSERT INTO material_suppliers (material_id, supplier_id, price_per_unit, min_order_quantity, delivery_lead_days, is_primary) VALUES ('cd890b86-57e7-4899-a509-e7624125ab74', '4fdc15c5-3191-4072-a09e-94b2b457f10b', 625.87, 4, 8, TRUE);
INSERT INTO material_suppliers (material_id, supplier_id, price_per_unit, min_order_quantity, delivery_lead_days, is_primary) VALUES ('cd890b86-57e7-4899-a509-e7624125ab74', '965a4d52-ee90-4ff5-8df1-23e5f30f1e76', 621.83, 4, 12, FALSE);
INSERT INTO material_suppliers (material_id, supplier_id, price_per_unit, min_order_quantity, delivery_lead_days, is_primary) VALUES ('cd890b86-57e7-4899-a509-e7624125ab74', '7c03680c-d3eb-4ecb-b1ef-9a7db9719fe4', 589.26, 4, 6, FALSE);
INSERT INTO material_suppliers (material_id, supplier_id, price_per_unit, min_order_quantity, delivery_lead_days, is_primary) VALUES ('33afd19b-339d-4d7c-a9a1-ec690f48e439', '4fdc15c5-3191-4072-a09e-94b2b457f10b', 17075.62, 1, 47, TRUE);
INSERT INTO material_suppliers (material_id, supplier_id, price_per_unit, min_order_quantity, delivery_lead_days, is_primary) VALUES ('33afd19b-339d-4d7c-a9a1-ec690f48e439', '9bda095f-7e76-46cb-80d6-c0921ff49b7c', 16944.35, 1, 48, FALSE);
INSERT INTO material_suppliers (material_id, supplier_id, price_per_unit, min_order_quantity, delivery_lead_days, is_primary) VALUES ('817928be-2591-41b0-9556-807f47578e04', '06941afe-53f9-4898-96f7-1e261ef3e070', 7887.72, 1, 37, TRUE);
INSERT INTO material_suppliers (material_id, supplier_id, price_per_unit, min_order_quantity, delivery_lead_days, is_primary) VALUES ('817928be-2591-41b0-9556-807f47578e04', '4f2d3767-b381-4e75-be34-1b31054d5f24', 9517.28, 1, 36, FALSE);
INSERT INTO material_suppliers (material_id, supplier_id, price_per_unit, min_order_quantity, delivery_lead_days, is_primary) VALUES ('32f68f3d-66e5-46ca-8640-f398fec6cabf', '02af568f-a54b-4093-9063-85f723f4b1e0', 172.84, 8, 13, TRUE);
INSERT INTO material_suppliers (material_id, supplier_id, price_per_unit, min_order_quantity, delivery_lead_days, is_primary) VALUES ('a6e0ede3-2164-47b3-8c99-09b1926f24c6', '84d61f16-31b9-46a5-ad97-eac842021ec1', 812.23, 4, 12, TRUE);
INSERT INTO material_suppliers (material_id, supplier_id, price_per_unit, min_order_quantity, delivery_lead_days, is_primary) VALUES ('c0fb27e0-52c3-4161-8114-e186e6a8a18e', '4e6fa9f4-f903-4fb6-955a-f7e7f8c5b9f9', 318.28, 50, 20, TRUE);
INSERT INTO material_suppliers (material_id, supplier_id, price_per_unit, min_order_quantity, delivery_lead_days, is_primary) VALUES ('c0fb27e0-52c3-4161-8114-e186e6a8a18e', '265dbae7-f651-4b74-8a62-e78ea463402b', 270.55, 50, 27, FALSE);
INSERT INTO material_suppliers (material_id, supplier_id, price_per_unit, min_order_quantity, delivery_lead_days, is_primary) VALUES ('c0fb27e0-52c3-4161-8114-e186e6a8a18e', '06941afe-53f9-4898-96f7-1e261ef3e070', 281.62, 50, 21, FALSE);
INSERT INTO material_suppliers (material_id, supplier_id, price_per_unit, min_order_quantity, delivery_lead_days, is_primary) VALUES ('5725a7e1-b3cd-452e-87ce-4a085c9a9256', '6ec0a4d8-c8e8-4591-bd76-fa9596598c41', 84.98, 100, 21, TRUE);
INSERT INTO material_suppliers (material_id, supplier_id, price_per_unit, min_order_quantity, delivery_lead_days, is_primary) VALUES ('5725a7e1-b3cd-452e-87ce-4a085c9a9256', 'f8e7044e-c18f-4d7a-ba56-cd379114d530', 90.31, 100, 18, FALSE);
INSERT INTO material_suppliers (material_id, supplier_id, price_per_unit, min_order_quantity, delivery_lead_days, is_primary) VALUES ('5725a7e1-b3cd-452e-87ce-4a085c9a9256', 'ae50f971-5508-4baf-a55d-1c3344f364e5', 95.62, 100, 18, FALSE);
INSERT INTO material_suppliers (material_id, supplier_id, price_per_unit, min_order_quantity, delivery_lead_days, is_primary) VALUES ('2a836c09-1d5a-4e74-baf6-b8b6f1b4a38b', '800a9f28-3b5e-4574-8a31-275493f68558', 114.74, 30, 9, TRUE);
INSERT INTO material_suppliers (material_id, supplier_id, price_per_unit, min_order_quantity, delivery_lead_days, is_primary) VALUES ('20f8a95e-e41c-400b-89cb-663c97cf1cdd', 'd8aae737-7e0e-46fb-b7b9-aeef0c82fd43', 986.56, 20, 34, TRUE);
INSERT INTO material_suppliers (material_id, supplier_id, price_per_unit, min_order_quantity, delivery_lead_days, is_primary) VALUES ('c18566cc-c751-4e85-8b17-86da779dd365', '4f2d3767-b381-4e75-be34-1b31054d5f24', 624.07, 20, 35, TRUE);
INSERT INTO material_suppliers (material_id, supplier_id, price_per_unit, min_order_quantity, delivery_lead_days, is_primary) VALUES ('8ce27403-e92b-4b3a-b497-401bf3e2cd52', '800a9f28-3b5e-4574-8a31-275493f68558', 311.73, 5, 4, TRUE);
INSERT INTO material_suppliers (material_id, supplier_id, price_per_unit, min_order_quantity, delivery_lead_days, is_primary) VALUES ('c6d1736c-86f0-41f3-b98c-d2758ee898dc', '84d61f16-31b9-46a5-ad97-eac842021ec1', 26866.03, 1, 49, TRUE);
INSERT INTO material_suppliers (material_id, supplier_id, price_per_unit, min_order_quantity, delivery_lead_days, is_primary) VALUES ('c6d1736c-86f0-41f3-b98c-d2758ee898dc', '965a4d52-ee90-4ff5-8df1-23e5f30f1e76', 28597.9, 1, 47, FALSE);
INSERT INTO material_suppliers (material_id, supplier_id, price_per_unit, min_order_quantity, delivery_lead_days, is_primary) VALUES ('a6920ea0-7ff1-4876-9573-57490bcb01d8', 'd8aae737-7e0e-46fb-b7b9-aeef0c82fd43', 22969.16, 1, 35, TRUE);
INSERT INTO material_suppliers (material_id, supplier_id, price_per_unit, min_order_quantity, delivery_lead_days, is_primary) VALUES ('a418015c-2518-4c2a-b601-d3dc0d8c7d49', '1fbf75dc-029b-4641-ad81-50248b95cd87', 32325.35, 1, 49, TRUE);
INSERT INTO material_suppliers (material_id, supplier_id, price_per_unit, min_order_quantity, delivery_lead_days, is_primary) VALUES ('a418015c-2518-4c2a-b601-d3dc0d8c7d49', 'f8e7044e-c18f-4d7a-ba56-cd379114d530', 35271.7, 1, 45, FALSE);
INSERT INTO material_suppliers (material_id, supplier_id, price_per_unit, min_order_quantity, delivery_lead_days, is_primary) VALUES ('c266bcba-cada-4b24-aa8f-2263caf2ec25', 'bf4201f5-3e43-4982-a542-63361b089285', 4807.54, 1, 21, TRUE);
INSERT INTO material_suppliers (material_id, supplier_id, price_per_unit, min_order_quantity, delivery_lead_days, is_primary) VALUES ('c266bcba-cada-4b24-aa8f-2263caf2ec25', '02af568f-a54b-4093-9063-85f723f4b1e0', 4160.72, 1, 17, FALSE);
INSERT INTO material_suppliers (material_id, supplier_id, price_per_unit, min_order_quantity, delivery_lead_days, is_primary) VALUES ('2704b827-3a39-4eb7-9b93-d90703ca3d0e', '16cf6c30-071a-4f74-8714-41f328365ab0', 17062.16, 1, 33, TRUE);
INSERT INTO material_suppliers (material_id, supplier_id, price_per_unit, min_order_quantity, delivery_lead_days, is_primary) VALUES ('2704b827-3a39-4eb7-9b93-d90703ca3d0e', '7c03680c-d3eb-4ecb-b1ef-9a7db9719fe4', 18218.76, 1, 31, FALSE);
INSERT INTO material_suppliers (material_id, supplier_id, price_per_unit, min_order_quantity, delivery_lead_days, is_primary) VALUES ('2704b827-3a39-4eb7-9b93-d90703ca3d0e', '800a9f28-3b5e-4574-8a31-275493f68558', 17025.7, 1, 32, FALSE);
INSERT INTO material_suppliers (material_id, supplier_id, price_per_unit, min_order_quantity, delivery_lead_days, is_primary) VALUES ('397c5d35-d33e-4814-88c3-97fcf5908a87', '84d61f16-31b9-46a5-ad97-eac842021ec1', 2223.72, 2, 19, TRUE);
INSERT INTO material_suppliers (material_id, supplier_id, price_per_unit, min_order_quantity, delivery_lead_days, is_primary) VALUES ('88125954-ef91-4f87-b248-8c7bc520df49', '02af568f-a54b-4093-9063-85f723f4b1e0', 47836.63, 1, 47, TRUE);
INSERT INTO material_suppliers (material_id, supplier_id, price_per_unit, min_order_quantity, delivery_lead_days, is_primary) VALUES ('d2e4550b-935c-4aa7-ad84-05114707af7a', '84d61f16-31b9-46a5-ad97-eac842021ec1', 70158.69, 1, 56, TRUE);
INSERT INTO material_suppliers (material_id, supplier_id, price_per_unit, min_order_quantity, delivery_lead_days, is_primary) VALUES ('e3eb19bc-5006-4067-9e83-a3c2ff587314', '1fbf75dc-029b-4641-ad81-50248b95cd87', 8681.99, 1, 14, TRUE);
INSERT INTO material_suppliers (material_id, supplier_id, price_per_unit, min_order_quantity, delivery_lead_days, is_primary) VALUES ('ea45353e-9fd0-443d-9942-267ec665c69d', '02af568f-a54b-4093-9063-85f723f4b1e0', 31831.78, 1, 31, TRUE);
INSERT INTO material_suppliers (material_id, supplier_id, price_per_unit, min_order_quantity, delivery_lead_days, is_primary) VALUES ('ea45353e-9fd0-443d-9942-267ec665c69d', '4fdc15c5-3191-4072-a09e-94b2b457f10b', 30921.62, 1, 32, FALSE);
INSERT INTO material_suppliers (material_id, supplier_id, price_per_unit, min_order_quantity, delivery_lead_days, is_primary) VALUES ('1fc63b5c-2da4-4789-8d10-422789a66231', '1fbf75dc-029b-4641-ad81-50248b95cd87', 13671.95, 1, 26, TRUE);
INSERT INTO material_suppliers (material_id, supplier_id, price_per_unit, min_order_quantity, delivery_lead_days, is_primary) VALUES ('1fc63b5c-2da4-4789-8d10-422789a66231', '6ec0a4d8-c8e8-4591-bd76-fa9596598c41', 12785.61, 1, 25, FALSE);
INSERT INTO material_suppliers (material_id, supplier_id, price_per_unit, min_order_quantity, delivery_lead_days, is_primary) VALUES ('871b5201-ec01-4b0e-ad16-79cf071eb9a5', 'f8e7044e-c18f-4d7a-ba56-cd379114d530', 9546.93, 1, 25, TRUE);
INSERT INTO material_suppliers (material_id, supplier_id, price_per_unit, min_order_quantity, delivery_lead_days, is_primary) VALUES ('847b87e9-c6c3-4605-b916-9de4e885f0b5', '9bda095f-7e76-46cb-80d6-c0921ff49b7c', 5120.03, 1, 20, TRUE);
INSERT INTO material_suppliers (material_id, supplier_id, price_per_unit, min_order_quantity, delivery_lead_days, is_primary) VALUES ('847b87e9-c6c3-4605-b916-9de4e885f0b5', '02af568f-a54b-4093-9063-85f723f4b1e0', 5707.5, 1, 19, FALSE);
INSERT INTO material_suppliers (material_id, supplier_id, price_per_unit, min_order_quantity, delivery_lead_days, is_primary) VALUES ('847b87e9-c6c3-4605-b916-9de4e885f0b5', '16cf6c30-071a-4f74-8714-41f328365ab0', 5260.41, 1, 19, FALSE);
INSERT INTO material_suppliers (material_id, supplier_id, price_per_unit, min_order_quantity, delivery_lead_days, is_primary) VALUES ('c21a1ada-d4ee-4636-8651-941793f11052', '4fdc15c5-3191-4072-a09e-94b2b457f10b', 6603.34, 1, 19, TRUE);
INSERT INTO material_suppliers (material_id, supplier_id, price_per_unit, min_order_quantity, delivery_lead_days, is_primary) VALUES ('a4098739-5ccd-477a-8efd-2fae9e91199d', '800a9f28-3b5e-4574-8a31-275493f68558', 12489.39, 1, 20, TRUE);
INSERT INTO material_suppliers (material_id, supplier_id, price_per_unit, min_order_quantity, delivery_lead_days, is_primary) VALUES ('a4098739-5ccd-477a-8efd-2fae9e91199d', '08c49e72-2cf2-4b32-813b-51aa797f40a3', 10577.09, 1, 20, FALSE);
INSERT INTO material_suppliers (material_id, supplier_id, price_per_unit, min_order_quantity, delivery_lead_days, is_primary) VALUES ('a4098739-5ccd-477a-8efd-2fae9e91199d', '7c03680c-d3eb-4ecb-b1ef-9a7db9719fe4', 10009.29, 1, 12, FALSE);
INSERT INTO material_suppliers (material_id, supplier_id, price_per_unit, min_order_quantity, delivery_lead_days, is_primary) VALUES ('fc06e5f7-30bc-4407-ba1c-346380729d0d', '265dbae7-f651-4b74-8a62-e78ea463402b', 9163.5, 1, 23, TRUE);
INSERT INTO material_suppliers (material_id, supplier_id, price_per_unit, min_order_quantity, delivery_lead_days, is_primary) VALUES ('fc06e5f7-30bc-4407-ba1c-346380729d0d', 'd8aae737-7e0e-46fb-b7b9-aeef0c82fd43', 9976.35, 1, 21, FALSE);
INSERT INTO material_suppliers (material_id, supplier_id, price_per_unit, min_order_quantity, delivery_lead_days, is_primary) VALUES ('1ced20f0-ba79-49ad-b564-f6edcf0ce425', '6ec0a4d8-c8e8-4591-bd76-fa9596598c41', 1159.68, 3, 13, TRUE);
INSERT INTO material_suppliers (material_id, supplier_id, price_per_unit, min_order_quantity, delivery_lead_days, is_primary) VALUES ('1ced20f0-ba79-49ad-b564-f6edcf0ce425', '16cf6c30-071a-4f74-8714-41f328365ab0', 1281.51, 3, 15, FALSE);
INSERT INTO material_suppliers (material_id, supplier_id, price_per_unit, min_order_quantity, delivery_lead_days, is_primary) VALUES ('1ced20f0-ba79-49ad-b564-f6edcf0ce425', '800a9f28-3b5e-4574-8a31-275493f68558', 1217.17, 3, 12, FALSE);
INSERT INTO material_suppliers (material_id, supplier_id, price_per_unit, min_order_quantity, delivery_lead_days, is_primary) VALUES ('3c51b11c-c4ca-4868-8b04-64762a832178', 'bf4201f5-3e43-4982-a542-63361b089285', 358.8, 5, 13, TRUE);
INSERT INTO material_suppliers (material_id, supplier_id, price_per_unit, min_order_quantity, delivery_lead_days, is_primary) VALUES ('545ca2a1-fecc-4ea1-a2d0-941c9e5b533c', '84d61f16-31b9-46a5-ad97-eac842021ec1', 703.4, 2, 15, TRUE);
INSERT INTO material_suppliers (material_id, supplier_id, price_per_unit, min_order_quantity, delivery_lead_days, is_primary) VALUES ('d8080836-a468-4b62-a489-33f897d41490', '4e6fa9f4-f903-4fb6-955a-f7e7f8c5b9f9', 470.49, 2, 7, TRUE);
INSERT INTO material_suppliers (material_id, supplier_id, price_per_unit, min_order_quantity, delivery_lead_days, is_primary) VALUES ('d8080836-a468-4b62-a489-33f897d41490', '4bbd8a9d-9b5f-4f53-9a5b-e96d61936295', 416.8, 2, 6, FALSE);
INSERT INTO material_suppliers (material_id, supplier_id, price_per_unit, min_order_quantity, delivery_lead_days, is_primary) VALUES ('558662a6-ab1c-40f7-91b0-11211bcb576f', '9bda095f-7e76-46cb-80d6-c0921ff49b7c', 5268.4, 1, 35, TRUE);
INSERT INTO material_suppliers (material_id, supplier_id, price_per_unit, min_order_quantity, delivery_lead_days, is_primary) VALUES ('558662a6-ab1c-40f7-91b0-11211bcb576f', '6ec0a4d8-c8e8-4591-bd76-fa9596598c41', 5574.07, 1, 35, FALSE);
INSERT INTO material_suppliers (material_id, supplier_id, price_per_unit, min_order_quantity, delivery_lead_days, is_primary) VALUES ('a4493236-13c1-4ade-867f-79c455a5578f', 'ae50f971-5508-4baf-a55d-1c3344f364e5', 2042.52, 1, 13, TRUE);
INSERT INTO material_suppliers (material_id, supplier_id, price_per_unit, min_order_quantity, delivery_lead_days, is_primary) VALUES ('a4493236-13c1-4ade-867f-79c455a5578f', '265dbae7-f651-4b74-8a62-e78ea463402b', 1739.01, 1, 12, FALSE);
INSERT INTO material_suppliers (material_id, supplier_id, price_per_unit, min_order_quantity, delivery_lead_days, is_primary) VALUES ('a4493236-13c1-4ade-867f-79c455a5578f', '7c03680c-d3eb-4ecb-b1ef-9a7db9719fe4', 1954.09, 1, 13, FALSE);
INSERT INTO material_suppliers (material_id, supplier_id, price_per_unit, min_order_quantity, delivery_lead_days, is_primary) VALUES ('d655d2ce-716b-4197-9289-a1a4a6842cab', 'ae50f971-5508-4baf-a55d-1c3344f364e5', 40011.61, 1, 37, TRUE);
INSERT INTO material_suppliers (material_id, supplier_id, price_per_unit, min_order_quantity, delivery_lead_days, is_primary) VALUES ('d655d2ce-716b-4197-9289-a1a4a6842cab', '433ca6ec-7556-4cba-bc2b-d450d6c39f08', 39937.77, 1, 42, FALSE);
INSERT INTO material_suppliers (material_id, supplier_id, price_per_unit, min_order_quantity, delivery_lead_days, is_primary) VALUES ('7403c144-1b40-4dcd-bd78-50d887f4cd3e', '965a4d52-ee90-4ff5-8df1-23e5f30f1e76', 52952.92, 1, 39, TRUE);
INSERT INTO material_suppliers (material_id, supplier_id, price_per_unit, min_order_quantity, delivery_lead_days, is_primary) VALUES ('7403c144-1b40-4dcd-bd78-50d887f4cd3e', '06941afe-53f9-4898-96f7-1e261ef3e070', 50769.1, 1, 45, FALSE);
INSERT INTO material_suppliers (material_id, supplier_id, price_per_unit, min_order_quantity, delivery_lead_days, is_primary) VALUES ('55eabc70-16ad-4bc5-ae63-44649377f285', '02af568f-a54b-4093-9063-85f723f4b1e0', 27534.9, 1, 27, TRUE);
INSERT INTO material_suppliers (material_id, supplier_id, price_per_unit, min_order_quantity, delivery_lead_days, is_primary) VALUES ('55eabc70-16ad-4bc5-ae63-44649377f285', '4f2d3767-b381-4e75-be34-1b31054d5f24', 29659.79, 1, 29, FALSE);
INSERT INTO material_suppliers (material_id, supplier_id, price_per_unit, min_order_quantity, delivery_lead_days, is_primary) VALUES ('6a90fdd6-7736-4cbe-a885-f2973f8abc09', 'bf4201f5-3e43-4982-a542-63361b089285', 18682.56, 1, 31, TRUE);
INSERT INTO material_suppliers (material_id, supplier_id, price_per_unit, min_order_quantity, delivery_lead_days, is_primary) VALUES ('6ca0c168-055d-4f26-8365-45b9f54cb2ae', '4f2d3767-b381-4e75-be34-1b31054d5f24', 2499.78, 2, 13, TRUE);
INSERT INTO material_suppliers (material_id, supplier_id, price_per_unit, min_order_quantity, delivery_lead_days, is_primary) VALUES ('6ca0c168-055d-4f26-8365-45b9f54cb2ae', '7c03680c-d3eb-4ecb-b1ef-9a7db9719fe4', 2280.07, 2, 16, FALSE);
INSERT INTO material_suppliers (material_id, supplier_id, price_per_unit, min_order_quantity, delivery_lead_days, is_primary) VALUES ('6ca0c168-055d-4f26-8365-45b9f54cb2ae', '84d61f16-31b9-46a5-ad97-eac842021ec1', 2300.38, 2, 13, FALSE);
INSERT INTO material_suppliers (material_id, supplier_id, price_per_unit, min_order_quantity, delivery_lead_days, is_primary) VALUES ('9312d9b6-b7c9-4812-946a-8689ac421a66', '4e6fa9f4-f903-4fb6-955a-f7e7f8c5b9f9', 3517.43, 1, 11, TRUE);
INSERT INTO material_suppliers (material_id, supplier_id, price_per_unit, min_order_quantity, delivery_lead_days, is_primary) VALUES ('9312d9b6-b7c9-4812-946a-8689ac421a66', '02af568f-a54b-4093-9063-85f723f4b1e0', 4049.03, 1, 14, FALSE);
INSERT INTO material_suppliers (material_id, supplier_id, price_per_unit, min_order_quantity, delivery_lead_days, is_primary) VALUES ('252cf6dd-e1f9-465b-9278-bc67bc937713', '800a9f28-3b5e-4574-8a31-275493f68558', 1383.79, 1, 12, TRUE);
INSERT INTO material_suppliers (material_id, supplier_id, price_per_unit, min_order_quantity, delivery_lead_days, is_primary) VALUES ('252cf6dd-e1f9-465b-9278-bc67bc937713', '265dbae7-f651-4b74-8a62-e78ea463402b', 1569.45, 1, 10, FALSE);
INSERT INTO material_suppliers (material_id, supplier_id, price_per_unit, min_order_quantity, delivery_lead_days, is_primary) VALUES ('252cf6dd-e1f9-465b-9278-bc67bc937713', '7c03680c-d3eb-4ecb-b1ef-9a7db9719fe4', 1600.84, 1, 6, FALSE);
INSERT INTO material_suppliers (material_id, supplier_id, price_per_unit, min_order_quantity, delivery_lead_days, is_primary) VALUES ('6f435b28-61e1-4c49-813b-312be2d0ba67', '4fdc15c5-3191-4072-a09e-94b2b457f10b', 10868.49, 1, 20, TRUE);
INSERT INTO material_suppliers (material_id, supplier_id, price_per_unit, min_order_quantity, delivery_lead_days, is_primary) VALUES ('d1cf56c7-365d-4a6f-9bd8-498362577f3b', '4f2d3767-b381-4e75-be34-1b31054d5f24', 15177.98, 1, 30, TRUE);
INSERT INTO material_suppliers (material_id, supplier_id, price_per_unit, min_order_quantity, delivery_lead_days, is_primary) VALUES ('d1cf56c7-365d-4a6f-9bd8-498362577f3b', '4fdc15c5-3191-4072-a09e-94b2b457f10b', 15338.35, 1, 31, FALSE);
INSERT INTO material_suppliers (material_id, supplier_id, price_per_unit, min_order_quantity, delivery_lead_days, is_primary) VALUES ('0df9bada-08c6-40f7-b9b5-cdb180d8d473', '800a9f28-3b5e-4574-8a31-275493f68558', 7458.54, 1, 12, TRUE);
INSERT INTO material_suppliers (material_id, supplier_id, price_per_unit, min_order_quantity, delivery_lead_days, is_primary) VALUES ('0df9bada-08c6-40f7-b9b5-cdb180d8d473', '6e59cd1f-c2ad-45ce-988c-1a0a2c8b7f28', 6770.32, 1, 11, FALSE);
INSERT INTO material_suppliers (material_id, supplier_id, price_per_unit, min_order_quantity, delivery_lead_days, is_primary) VALUES ('0df9bada-08c6-40f7-b9b5-cdb180d8d473', '4fdc15c5-3191-4072-a09e-94b2b457f10b', 7579.61, 1, 14, FALSE);
INSERT INTO material_suppliers (material_id, supplier_id, price_per_unit, min_order_quantity, delivery_lead_days, is_primary) VALUES ('7f72fd26-6122-4441-a40a-822e30a1824d', 'bf4201f5-3e43-4982-a542-63361b089285', 37521.76, 1, 35, TRUE);
INSERT INTO material_suppliers (material_id, supplier_id, price_per_unit, min_order_quantity, delivery_lead_days, is_primary) VALUES ('3e6d0778-c67e-43e1-a0a0-e4fc951a23c7', '4f2d3767-b381-4e75-be34-1b31054d5f24', 2556.02, 1, 13, TRUE);
INSERT INTO material_suppliers (material_id, supplier_id, price_per_unit, min_order_quantity, delivery_lead_days, is_primary) VALUES ('0cbd0c8b-82bd-4a50-89b9-fc07de14c0d2', '6e59cd1f-c2ad-45ce-988c-1a0a2c8b7f28', 2055.1, 1, 8, TRUE);
INSERT INTO material_suppliers (material_id, supplier_id, price_per_unit, min_order_quantity, delivery_lead_days, is_primary) VALUES ('0cbd0c8b-82bd-4a50-89b9-fc07de14c0d2', '84d61f16-31b9-46a5-ad97-eac842021ec1', 1778.02, 1, 12, FALSE);
INSERT INTO material_suppliers (material_id, supplier_id, price_per_unit, min_order_quantity, delivery_lead_days, is_primary) VALUES ('a7cdd333-4599-4e65-ad0f-7a6930dfa5e1', '265dbae7-f651-4b74-8a62-e78ea463402b', 1179.34, 1, 4, TRUE);
INSERT INTO material_suppliers (material_id, supplier_id, price_per_unit, min_order_quantity, delivery_lead_days, is_primary) VALUES ('a7cdd333-4599-4e65-ad0f-7a6930dfa5e1', '9bda095f-7e76-46cb-80d6-c0921ff49b7c', 1114.6, 1, 8, FALSE);
INSERT INTO material_suppliers (material_id, supplier_id, price_per_unit, min_order_quantity, delivery_lead_days, is_primary) VALUES ('c0d197cb-9bac-465f-8a33-fc525ec532d5', 'd8aae737-7e0e-46fb-b7b9-aeef0c82fd43', 5475.04, 1, 15, TRUE);
INSERT INTO material_suppliers (material_id, supplier_id, price_per_unit, min_order_quantity, delivery_lead_days, is_primary) VALUES ('55d76cbf-5293-4e57-ac43-210ac6d43d89', '7c03680c-d3eb-4ecb-b1ef-9a7db9719fe4', 996.69, 1, 9, TRUE);
INSERT INTO material_suppliers (material_id, supplier_id, price_per_unit, min_order_quantity, delivery_lead_days, is_primary) VALUES ('a537f967-4605-441b-bac4-90c281d7e504', '16cf6c30-071a-4f74-8714-41f328365ab0', 9741.5, 1, 12, TRUE);
INSERT INTO material_suppliers (material_id, supplier_id, price_per_unit, min_order_quantity, delivery_lead_days, is_primary) VALUES ('a537f967-4605-441b-bac4-90c281d7e504', '1fbf75dc-029b-4641-ad81-50248b95cd87', 8468.54, 1, 20, FALSE);
INSERT INTO material_suppliers (material_id, supplier_id, price_per_unit, min_order_quantity, delivery_lead_days, is_primary) VALUES ('a537f967-4605-441b-bac4-90c281d7e504', '433ca6ec-7556-4cba-bc2b-d450d6c39f08', 8053.92, 1, 11, FALSE);
INSERT INTO material_suppliers (material_id, supplier_id, price_per_unit, min_order_quantity, delivery_lead_days, is_primary) VALUES ('62ebbf75-8249-4ee3-b5eb-4bc0245ba60f', '1fbf75dc-029b-4641-ad81-50248b95cd87', 7014.64, 1, 26, TRUE);
INSERT INTO material_suppliers (material_id, supplier_id, price_per_unit, min_order_quantity, delivery_lead_days, is_primary) VALUES ('62ebbf75-8249-4ee3-b5eb-4bc0245ba60f', '4f2d3767-b381-4e75-be34-1b31054d5f24', 6644.63, 1, 28, FALSE);
INSERT INTO material_suppliers (material_id, supplier_id, price_per_unit, min_order_quantity, delivery_lead_days, is_primary) VALUES ('62ebbf75-8249-4ee3-b5eb-4bc0245ba60f', '965a4d52-ee90-4ff5-8df1-23e5f30f1e76', 5885.4, 1, 24, FALSE);
INSERT INTO material_suppliers (material_id, supplier_id, price_per_unit, min_order_quantity, delivery_lead_days, is_primary) VALUES ('8f566dd6-ceec-4c1e-a42e-238f3bed2642', '265dbae7-f651-4b74-8a62-e78ea463402b', 8815.5, 1, 20, TRUE);
INSERT INTO material_suppliers (material_id, supplier_id, price_per_unit, min_order_quantity, delivery_lead_days, is_primary) VALUES ('2f85d340-ba17-4f3b-930f-526180d8cadd', '265dbae7-f651-4b74-8a62-e78ea463402b', 12959.26, 1, 22, TRUE);
INSERT INTO material_suppliers (material_id, supplier_id, price_per_unit, min_order_quantity, delivery_lead_days, is_primary) VALUES ('2f85d340-ba17-4f3b-930f-526180d8cadd', '7c03680c-d3eb-4ecb-b1ef-9a7db9719fe4', 12321.37, 1, 28, FALSE);
INSERT INTO material_suppliers (material_id, supplier_id, price_per_unit, min_order_quantity, delivery_lead_days, is_primary) VALUES ('bbf18af0-d831-4387-a479-b54e4d5fc0ba', '16cf6c30-071a-4f74-8714-41f328365ab0', 3652.63, 1, 15, TRUE);
INSERT INTO material_suppliers (material_id, supplier_id, price_per_unit, min_order_quantity, delivery_lead_days, is_primary) VALUES ('bbf18af0-d831-4387-a479-b54e4d5fc0ba', '08c49e72-2cf2-4b32-813b-51aa797f40a3', 3168.19, 1, 13, FALSE);
INSERT INTO material_suppliers (material_id, supplier_id, price_per_unit, min_order_quantity, delivery_lead_days, is_primary) VALUES ('c9084421-d75e-42bc-b631-859f07ec6964', '08c49e72-2cf2-4b32-813b-51aa797f40a3', 716.64, 1, 8, TRUE);
INSERT INTO material_suppliers (material_id, supplier_id, price_per_unit, min_order_quantity, delivery_lead_days, is_primary) VALUES ('c9084421-d75e-42bc-b631-859f07ec6964', '265dbae7-f651-4b74-8a62-e78ea463402b', 681.03, 1, 4, FALSE);
INSERT INTO material_suppliers (material_id, supplier_id, price_per_unit, min_order_quantity, delivery_lead_days, is_primary) VALUES ('c9084421-d75e-42bc-b631-859f07ec6964', '4fdc15c5-3191-4072-a09e-94b2b457f10b', 663.66, 1, 7, FALSE);
INSERT INTO material_suppliers (material_id, supplier_id, price_per_unit, min_order_quantity, delivery_lead_days, is_primary) VALUES ('ab1cecdc-e94d-4a38-89fb-5548f9f38196', 'd8aae737-7e0e-46fb-b7b9-aeef0c82fd43', 1595.51, 3, 18, TRUE);
INSERT INTO material_suppliers (material_id, supplier_id, price_per_unit, min_order_quantity, delivery_lead_days, is_primary) VALUES ('ab1cecdc-e94d-4a38-89fb-5548f9f38196', '433ca6ec-7556-4cba-bc2b-d450d6c39f08', 1515.67, 3, 21, FALSE);
INSERT INTO material_suppliers (material_id, supplier_id, price_per_unit, min_order_quantity, delivery_lead_days, is_primary) VALUES ('155c549a-f5b6-4855-a37a-81a41eb1df4d', '965a4d52-ee90-4ff5-8df1-23e5f30f1e76', 9368.33, 1, 27, TRUE);
INSERT INTO material_suppliers (material_id, supplier_id, price_per_unit, min_order_quantity, delivery_lead_days, is_primary) VALUES ('2f6f8b29-756b-47f7-ad1f-f6f5716d1b5f', '84d61f16-31b9-46a5-ad97-eac842021ec1', 17055.42, 1, 34, TRUE);
INSERT INTO material_suppliers (material_id, supplier_id, price_per_unit, min_order_quantity, delivery_lead_days, is_primary) VALUES ('2f6f8b29-756b-47f7-ad1f-f6f5716d1b5f', 'ae50f971-5508-4baf-a55d-1c3344f364e5', 15740.75, 1, 28, FALSE);
INSERT INTO material_suppliers (material_id, supplier_id, price_per_unit, min_order_quantity, delivery_lead_days, is_primary) VALUES ('2f6f8b29-756b-47f7-ad1f-f6f5716d1b5f', '965a4d52-ee90-4ff5-8df1-23e5f30f1e76', 17091.18, 1, 28, FALSE);
INSERT INTO material_suppliers (material_id, supplier_id, price_per_unit, min_order_quantity, delivery_lead_days, is_primary) VALUES ('6882a170-da9a-493a-a8f9-d3a8390f5eec', '4e6fa9f4-f903-4fb6-955a-f7e7f8c5b9f9', 28995.4, 1, 35, TRUE);
INSERT INTO material_suppliers (material_id, supplier_id, price_per_unit, min_order_quantity, delivery_lead_days, is_primary) VALUES ('97561058-7ebc-4b42-9924-caa8ddb55341', '433ca6ec-7556-4cba-bc2b-d450d6c39f08', 24332.5, 1, 42, TRUE);
INSERT INTO material_suppliers (material_id, supplier_id, price_per_unit, min_order_quantity, delivery_lead_days, is_primary) VALUES ('97561058-7ebc-4b42-9924-caa8ddb55341', '84d61f16-31b9-46a5-ad97-eac842021ec1', 25054.03, 1, 38, FALSE);
INSERT INTO material_suppliers (material_id, supplier_id, price_per_unit, min_order_quantity, delivery_lead_days, is_primary) VALUES ('25877442-ee1b-4e3b-9989-c79c12f89e4b', '08c49e72-2cf2-4b32-813b-51aa797f40a3', 8900.48, 1, 18, TRUE);
INSERT INTO material_suppliers (material_id, supplier_id, price_per_unit, min_order_quantity, delivery_lead_days, is_primary) VALUES ('25877442-ee1b-4e3b-9989-c79c12f89e4b', '800a9f28-3b5e-4574-8a31-275493f68558', 10670.07, 1, 19, FALSE);
INSERT INTO material_suppliers (material_id, supplier_id, price_per_unit, min_order_quantity, delivery_lead_days, is_primary) VALUES ('e56e32cc-c62a-4116-aa27-78e7f62226fd', '800a9f28-3b5e-4574-8a31-275493f68558', 7927.4, 1, 19, TRUE);
INSERT INTO material_suppliers (material_id, supplier_id, price_per_unit, min_order_quantity, delivery_lead_days, is_primary) VALUES ('e56e32cc-c62a-4116-aa27-78e7f62226fd', '4fdc15c5-3191-4072-a09e-94b2b457f10b', 7316.19, 1, 19, FALSE);
INSERT INTO material_suppliers (material_id, supplier_id, price_per_unit, min_order_quantity, delivery_lead_days, is_primary) VALUES ('9ecae36b-c0a2-4468-9140-c30f839ad4f9', '7c03680c-d3eb-4ecb-b1ef-9a7db9719fe4', 15211.73, 1, 25, TRUE);
INSERT INTO material_suppliers (material_id, supplier_id, price_per_unit, min_order_quantity, delivery_lead_days, is_primary) VALUES ('ee50af8d-c745-405d-bb9d-2cdd06c3545c', '965a4d52-ee90-4ff5-8df1-23e5f30f1e76', 10772.57, 1, 32, TRUE);
INSERT INTO material_suppliers (material_id, supplier_id, price_per_unit, min_order_quantity, delivery_lead_days, is_primary) VALUES ('ee50af8d-c745-405d-bb9d-2cdd06c3545c', '9bda095f-7e76-46cb-80d6-c0921ff49b7c', 11584.79, 1, 33, FALSE);
INSERT INTO material_suppliers (material_id, supplier_id, price_per_unit, min_order_quantity, delivery_lead_days, is_primary) VALUES ('ee50af8d-c745-405d-bb9d-2cdd06c3545c', '433ca6ec-7556-4cba-bc2b-d450d6c39f08', 11073.54, 1, 33, FALSE);
INSERT INTO material_suppliers (material_id, supplier_id, price_per_unit, min_order_quantity, delivery_lead_days, is_primary) VALUES ('31b59c29-feb0-4bb8-89b2-a0d1bbf41943', '4fdc15c5-3191-4072-a09e-94b2b457f10b', 3240.06, 1, 14, TRUE);
INSERT INTO material_suppliers (material_id, supplier_id, price_per_unit, min_order_quantity, delivery_lead_days, is_primary) VALUES ('31b59c29-feb0-4bb8-89b2-a0d1bbf41943', '06941afe-53f9-4898-96f7-1e261ef3e070', 3551.89, 1, 15, FALSE);
INSERT INTO material_suppliers (material_id, supplier_id, price_per_unit, min_order_quantity, delivery_lead_days, is_primary) VALUES ('ea36e74a-68eb-42c8-9106-e28fbd5fe63f', '06941afe-53f9-4898-96f7-1e261ef3e070', 823.35, 2, 5, TRUE);
INSERT INTO material_suppliers (material_id, supplier_id, price_per_unit, min_order_quantity, delivery_lead_days, is_primary) VALUES ('ea36e74a-68eb-42c8-9106-e28fbd5fe63f', '73a7bc50-a66d-4759-a5ef-08ebe543b0ef', 916.63, 2, 7, FALSE);
INSERT INTO material_suppliers (material_id, supplier_id, price_per_unit, min_order_quantity, delivery_lead_days, is_primary) VALUES ('ea36e74a-68eb-42c8-9106-e28fbd5fe63f', '800a9f28-3b5e-4574-8a31-275493f68558', 822.74, 2, 9, FALSE);
INSERT INTO material_suppliers (material_id, supplier_id, price_per_unit, min_order_quantity, delivery_lead_days, is_primary) VALUES ('fb28f607-5be4-45ba-8702-df78eba1987e', '84d61f16-31b9-46a5-ad97-eac842021ec1', 18919.42, 1, 27, TRUE);
INSERT INTO material_suppliers (material_id, supplier_id, price_per_unit, min_order_quantity, delivery_lead_days, is_primary) VALUES ('fb28f607-5be4-45ba-8702-df78eba1987e', '4e6fa9f4-f903-4fb6-955a-f7e7f8c5b9f9', 20455.49, 1, 26, FALSE);
INSERT INTO material_suppliers (material_id, supplier_id, price_per_unit, min_order_quantity, delivery_lead_days, is_primary) VALUES ('fb28f607-5be4-45ba-8702-df78eba1987e', '800a9f28-3b5e-4574-8a31-275493f68558', 19070.62, 1, 30, FALSE);
INSERT INTO material_suppliers (material_id, supplier_id, price_per_unit, min_order_quantity, delivery_lead_days, is_primary) VALUES ('07cabfc0-07f7-4cf2-9f69-a6358b2cf725', 'bf4201f5-3e43-4982-a542-63361b089285', 8089.52, 1, 24, TRUE);
INSERT INTO material_suppliers (material_id, supplier_id, price_per_unit, min_order_quantity, delivery_lead_days, is_primary) VALUES ('07cabfc0-07f7-4cf2-9f69-a6358b2cf725', '1fbf75dc-029b-4641-ad81-50248b95cd87', 8477.64, 1, 27, FALSE);
INSERT INTO material_suppliers (material_id, supplier_id, price_per_unit, min_order_quantity, delivery_lead_days, is_primary) VALUES ('07cabfc0-07f7-4cf2-9f69-a6358b2cf725', '02af568f-a54b-4093-9063-85f723f4b1e0', 9660.38, 1, 18, FALSE);
INSERT INTO material_suppliers (material_id, supplier_id, price_per_unit, min_order_quantity, delivery_lead_days, is_primary) VALUES ('07e5afad-fce2-44ad-b22d-648adc8bdc09', '08c49e72-2cf2-4b32-813b-51aa797f40a3', 1362.82, 1, 8, TRUE);
INSERT INTO material_suppliers (material_id, supplier_id, price_per_unit, min_order_quantity, delivery_lead_days, is_primary) VALUES ('07e5afad-fce2-44ad-b22d-648adc8bdc09', '06941afe-53f9-4898-96f7-1e261ef3e070', 1306.04, 1, 10, FALSE);
INSERT INTO material_suppliers (material_id, supplier_id, price_per_unit, min_order_quantity, delivery_lead_days, is_primary) VALUES ('07e5afad-fce2-44ad-b22d-648adc8bdc09', '4f2d3767-b381-4e75-be34-1b31054d5f24', 1241.47, 1, 12, FALSE);
INSERT INTO material_suppliers (material_id, supplier_id, price_per_unit, min_order_quantity, delivery_lead_days, is_primary) VALUES ('78d8fa24-d067-4a5d-bb4d-9af90818b7b3', '800a9f28-3b5e-4574-8a31-275493f68558', 484.3, 4, 7, TRUE);
INSERT INTO material_suppliers (material_id, supplier_id, price_per_unit, min_order_quantity, delivery_lead_days, is_primary) VALUES ('78d8fa24-d067-4a5d-bb4d-9af90818b7b3', '06941afe-53f9-4898-96f7-1e261ef3e070', 478.66, 4, 17, FALSE);
INSERT INTO material_suppliers (material_id, supplier_id, price_per_unit, min_order_quantity, delivery_lead_days, is_primary) VALUES ('78d8fa24-d067-4a5d-bb4d-9af90818b7b3', '6e59cd1f-c2ad-45ce-988c-1a0a2c8b7f28', 513.5, 4, 13, FALSE);
INSERT INTO material_suppliers (material_id, supplier_id, price_per_unit, min_order_quantity, delivery_lead_days, is_primary) VALUES ('6518962f-516d-437b-a82b-ba466559ea20', '4fdc15c5-3191-4072-a09e-94b2b457f10b', 366.46, 5, 12, TRUE);
INSERT INTO material_suppliers (material_id, supplier_id, price_per_unit, min_order_quantity, delivery_lead_days, is_primary) VALUES ('6518962f-516d-437b-a82b-ba466559ea20', 'bf4201f5-3e43-4982-a542-63361b089285', 290.16, 5, 10, FALSE);
INSERT INTO material_suppliers (material_id, supplier_id, price_per_unit, min_order_quantity, delivery_lead_days, is_primary) VALUES ('6518962f-516d-437b-a82b-ba466559ea20', '4e6fa9f4-f903-4fb6-955a-f7e7f8c5b9f9', 335.35, 5, 14, FALSE);
INSERT INTO material_suppliers (material_id, supplier_id, price_per_unit, min_order_quantity, delivery_lead_days, is_primary) VALUES ('60a55124-23c6-4c15-b081-be9324000d50', '84d61f16-31b9-46a5-ad97-eac842021ec1', 593.98, 2, 6, TRUE);
INSERT INTO material_suppliers (material_id, supplier_id, price_per_unit, min_order_quantity, delivery_lead_days, is_primary) VALUES ('0f0fd8d5-c1cd-4649-bd95-ddbca31bb25a', '4fdc15c5-3191-4072-a09e-94b2b457f10b', 43.43, 10, 7, TRUE);
INSERT INTO material_suppliers (material_id, supplier_id, price_per_unit, min_order_quantity, delivery_lead_days, is_primary) VALUES ('0f0fd8d5-c1cd-4649-bd95-ddbca31bb25a', '02af568f-a54b-4093-9063-85f723f4b1e0', 42.88, 10, 7, FALSE);
INSERT INTO material_suppliers (material_id, supplier_id, price_per_unit, min_order_quantity, delivery_lead_days, is_primary) VALUES ('988de518-33e1-4cd1-8418-bd1917382638', '08c49e72-2cf2-4b32-813b-51aa797f40a3', 304.64, 4, 13, TRUE);
INSERT INTO material_suppliers (material_id, supplier_id, price_per_unit, min_order_quantity, delivery_lead_days, is_primary) VALUES ('988de518-33e1-4cd1-8418-bd1917382638', '6e59cd1f-c2ad-45ce-988c-1a0a2c8b7f28', 269.66, 4, 8, FALSE);
INSERT INTO material_suppliers (material_id, supplier_id, price_per_unit, min_order_quantity, delivery_lead_days, is_primary) VALUES ('2d65446b-c150-439e-92b3-b22600258f1f', '4f2d3767-b381-4e75-be34-1b31054d5f24', 10.96, 50, 9, TRUE);
INSERT INTO material_suppliers (material_id, supplier_id, price_per_unit, min_order_quantity, delivery_lead_days, is_primary) VALUES ('2d65446b-c150-439e-92b3-b22600258f1f', '9bda095f-7e76-46cb-80d6-c0921ff49b7c', 11.47, 50, 5, FALSE);
INSERT INTO material_suppliers (material_id, supplier_id, price_per_unit, min_order_quantity, delivery_lead_days, is_primary) VALUES ('23695e1d-62b1-4c1b-ab4d-30d8e08fcb0d', '02af568f-a54b-4093-9063-85f723f4b1e0', 7.6, 10, 2, TRUE);
INSERT INTO material_suppliers (material_id, supplier_id, price_per_unit, min_order_quantity, delivery_lead_days, is_primary) VALUES ('23695e1d-62b1-4c1b-ab4d-30d8e08fcb0d', '4f2d3767-b381-4e75-be34-1b31054d5f24', 8.44, 10, 5, FALSE);
INSERT INTO material_suppliers (material_id, supplier_id, price_per_unit, min_order_quantity, delivery_lead_days, is_primary) VALUES ('23695e1d-62b1-4c1b-ab4d-30d8e08fcb0d', '800a9f28-3b5e-4574-8a31-275493f68558', 7.45, 10, 12, FALSE);
INSERT INTO material_suppliers (material_id, supplier_id, price_per_unit, min_order_quantity, delivery_lead_days, is_primary) VALUES ('ac371004-a3aa-462c-8810-8d86b3d13254', 'd8aae737-7e0e-46fb-b7b9-aeef0c82fd43', 727.64, 3, 14, TRUE);
INSERT INTO material_suppliers (material_id, supplier_id, price_per_unit, min_order_quantity, delivery_lead_days, is_primary) VALUES ('346a7196-96be-4cc6-a851-84efe4717b72', '6e59cd1f-c2ad-45ce-988c-1a0a2c8b7f28', 294.41, 2, 5, TRUE);
INSERT INTO material_suppliers (material_id, supplier_id, price_per_unit, min_order_quantity, delivery_lead_days, is_primary) VALUES ('346a7196-96be-4cc6-a851-84efe4717b72', '4bbd8a9d-9b5f-4f53-9a5b-e96d61936295', 306.45, 2, 6, FALSE);
INSERT INTO material_suppliers (material_id, supplier_id, price_per_unit, min_order_quantity, delivery_lead_days, is_primary) VALUES ('346a7196-96be-4cc6-a851-84efe4717b72', '4fdc15c5-3191-4072-a09e-94b2b457f10b', 319.53, 2, 5, FALSE);
INSERT INTO material_suppliers (material_id, supplier_id, price_per_unit, min_order_quantity, delivery_lead_days, is_primary) VALUES ('90bfe302-5a6c-441b-afbf-97d44ebece59', '4f2d3767-b381-4e75-be34-1b31054d5f24', 5.35, 20, 8, TRUE);
INSERT INTO material_suppliers (material_id, supplier_id, price_per_unit, min_order_quantity, delivery_lead_days, is_primary) VALUES ('90bfe302-5a6c-441b-afbf-97d44ebece59', 'ae50f971-5508-4baf-a55d-1c3344f364e5', 5.0, 20, 5, FALSE);
INSERT INTO material_suppliers (material_id, supplier_id, price_per_unit, min_order_quantity, delivery_lead_days, is_primary) VALUES ('90bfe302-5a6c-441b-afbf-97d44ebece59', 'd8aae737-7e0e-46fb-b7b9-aeef0c82fd43', 4.59, 20, 12, FALSE);
INSERT INTO material_suppliers (material_id, supplier_id, price_per_unit, min_order_quantity, delivery_lead_days, is_primary) VALUES ('464a9a90-1940-4e1b-963c-509d9286db09', '7c03680c-d3eb-4ecb-b1ef-9a7db9719fe4', 408.23, 2, 8, TRUE);
INSERT INTO material_suppliers (material_id, supplier_id, price_per_unit, min_order_quantity, delivery_lead_days, is_primary) VALUES ('17614fb7-8bc2-4e62-adaf-8baccaaf4560', '433ca6ec-7556-4cba-bc2b-d450d6c39f08', 131.48, 3, 7, TRUE);
INSERT INTO material_suppliers (material_id, supplier_id, price_per_unit, min_order_quantity, delivery_lead_days, is_primary) VALUES ('17614fb7-8bc2-4e62-adaf-8baccaaf4560', '7c03680c-d3eb-4ecb-b1ef-9a7db9719fe4', 123.98, 3, 12, FALSE);
INSERT INTO material_suppliers (material_id, supplier_id, price_per_unit, min_order_quantity, delivery_lead_days, is_primary) VALUES ('17614fb7-8bc2-4e62-adaf-8baccaaf4560', 'd8aae737-7e0e-46fb-b7b9-aeef0c82fd43', 119.12, 3, 10, FALSE);
INSERT INTO material_suppliers (material_id, supplier_id, price_per_unit, min_order_quantity, delivery_lead_days, is_primary) VALUES ('e8ae5551-a827-427b-841a-aa79532f9173', '16cf6c30-071a-4f74-8714-41f328365ab0', 243.23, 1, 5, TRUE);
INSERT INTO material_suppliers (material_id, supplier_id, price_per_unit, min_order_quantity, delivery_lead_days, is_primary) VALUES ('e8ae5551-a827-427b-841a-aa79532f9173', '4f2d3767-b381-4e75-be34-1b31054d5f24', 221.84, 1, 9, FALSE);
INSERT INTO material_suppliers (material_id, supplier_id, price_per_unit, min_order_quantity, delivery_lead_days, is_primary) VALUES ('e8ae5551-a827-427b-841a-aa79532f9173', '1fbf75dc-029b-4641-ad81-50248b95cd87', 232.96, 1, 11, FALSE);
INSERT INTO material_suppliers (material_id, supplier_id, price_per_unit, min_order_quantity, delivery_lead_days, is_primary) VALUES ('95a9f2df-545c-4606-99ee-414ddd1e0608', '4e6fa9f4-f903-4fb6-955a-f7e7f8c5b9f9', 37.92, 4, 12, TRUE);
INSERT INTO material_suppliers (material_id, supplier_id, price_per_unit, min_order_quantity, delivery_lead_days, is_primary) VALUES ('95a9f2df-545c-4606-99ee-414ddd1e0608', '1fbf75dc-029b-4641-ad81-50248b95cd87', 33.86, 4, 10, FALSE);
INSERT INTO material_suppliers (material_id, supplier_id, price_per_unit, min_order_quantity, delivery_lead_days, is_primary) VALUES ('95a9f2df-545c-4606-99ee-414ddd1e0608', '4fdc15c5-3191-4072-a09e-94b2b457f10b', 38.28, 4, 9, FALSE);
INSERT INTO material_suppliers (material_id, supplier_id, price_per_unit, min_order_quantity, delivery_lead_days, is_primary) VALUES ('f299b5b8-bc76-40ee-a689-d0dab02b1b66', 'd8aae737-7e0e-46fb-b7b9-aeef0c82fd43', 24.51, 2, 3, TRUE);
INSERT INTO material_suppliers (material_id, supplier_id, price_per_unit, min_order_quantity, delivery_lead_days, is_primary) VALUES ('f299b5b8-bc76-40ee-a689-d0dab02b1b66', '6e59cd1f-c2ad-45ce-988c-1a0a2c8b7f28', 27.69, 2, 1, FALSE);
INSERT INTO material_suppliers (material_id, supplier_id, price_per_unit, min_order_quantity, delivery_lead_days, is_primary) VALUES ('dff86d03-b285-4138-8128-a226dafb3587', 'bf4201f5-3e43-4982-a542-63361b089285', 16.31, 5, 9, TRUE);
INSERT INTO material_suppliers (material_id, supplier_id, price_per_unit, min_order_quantity, delivery_lead_days, is_primary) VALUES ('dff86d03-b285-4138-8128-a226dafb3587', '800a9f28-3b5e-4574-8a31-275493f68558', 15.79, 5, 6, FALSE);
INSERT INTO production_nodes (node_id, name, location, node_type, throughput_capacity, current_load_percent, latitude, longitude) VALUES ('ffa8ae65-b4a1-455a-9fde-060d773192b7', 'Nagpur Engine Testing Facility', 'Nagpur', 'Testing', 4, 55.1, 17.6868, 79.0882);
INSERT INTO production_nodes (node_id, name, location, node_type, throughput_capacity, current_load_percent, latitude, longitude) VALUES ('08592c40-02df-4956-851e-c30b6fa7933b', 'Nagpur Propellant Processing', 'Nagpur', 'Manufacturing', 6, 62.2, 17.7, 79.1);
INSERT INTO production_nodes (node_id, name, location, node_type, throughput_capacity, current_load_percent, latitude, longitude) VALUES ('1b57fac7-7075-4713-90b3-635d8ad96bd0', 'Hyderabad Assembly Complex', 'Hyderabad', 'Assembly', 3, 54.6, 17.385, 78.4867);
INSERT INTO production_nodes (node_id, name, location, node_type, throughput_capacity, current_load_percent, latitude, longitude) VALUES ('aa4d62bc-cec3-4edb-bb76-3efed8c239d9', 'Hyderabad Avionics Integration', 'Hyderabad', 'Integration', 5, 61.9, 17.4, 78.5);
INSERT INTO production_nodes (node_id, name, location, node_type, throughput_capacity, current_load_percent, latitude, longitude) VALUES ('85270223-1e89-41ef-ac75-ee43d18472a7', 'Hyderabad Quality Control Lab', 'Hyderabad', 'QualityControl', 8, 56.0, 17.39, 78.49);
INSERT INTO production_nodes (node_id, name, location, node_type, throughput_capacity, current_load_percent, latitude, longitude) VALUES ('6ec22105-de88-44e5-89fd-b125860cb417', 'Sriharikota Launch Complex', 'Sriharikota', 'Launch', 2, 51.6, 13.7199, 80.2304);
INSERT INTO production_nodes (node_id, name, location, node_type, throughput_capacity, current_load_percent, latitude, longitude) VALUES ('03c8e571-db9d-41e0-9b4e-2a32e2303058', 'Sriharikota Vehicle Assembly', 'Sriharikota', 'Assembly', 2, 52.6, 13.725, 80.235);
INSERT INTO production_nodes (node_id, name, location, node_type, throughput_capacity, current_load_percent, latitude, longitude) VALUES ('c221ef50-2655-4a87-a2f6-f7c28a51596e', 'Bangalore R&D Center', 'Bangalore', 'Testing', 6, 66.8, 12.9716, 77.5946);
INSERT INTO production_nodes (node_id, name, location, node_type, throughput_capacity, current_load_percent, latitude, longitude) VALUES ('25faff18-f453-4b7c-a69f-1949efa57a9e', 'Pune Precision Machining', 'Pune', 'Manufacturing', 5, 79.6, 18.5204, 73.8567);
INSERT INTO production_nodes (node_id, name, location, node_type, throughput_capacity, current_load_percent, latitude, longitude) VALUES ('25d02f94-7e67-457d-9e42-5c8b93db8f78', 'Chennai Electronics Hub', 'Chennai', 'Manufacturing', 4, 65.0, 13.0827, 80.2707);
INSERT INTO launch_schedule (launch_id, mission_name, target_date, status_readiness, readiness_percent, payload_kg, orbit_type) VALUES ('a235d7a0-373a-4032-83de-41c4d2ff06f9', 'Vikram-1 Demo Flight', '2026-08-30', 'In Production', 43.4, 300, 'LEO');
INSERT INTO launch_schedule (launch_id, mission_name, target_date, status_readiness, readiness_percent, payload_kg, orbit_type) VALUES ('4c21793a-f36f-4479-bcf1-2d76c00a8073', 'Vikram-1 Mission Alpha', '2026-11-28', 'Planning', 25.5, 225, 'SSO');
INSERT INTO launch_schedule (launch_id, mission_name, target_date, status_readiness, readiness_percent, payload_kg, orbit_type) VALUES ('50bf60e2-9fb7-4de6-83b9-d24db88e801f', 'Vikram-1 Mission Bravo', '2027-02-26', 'Planning', 28.3, 280, 'LEO');
INSERT INTO launch_schedule (launch_id, mission_name, target_date, status_readiness, readiness_percent, payload_kg, orbit_type) VALUES ('6723c127-564c-4007-8ffc-535cf46713ac', 'Vikram-1 Mission Charlie', '2027-06-01', 'Planning', 37.4, 250, 'SSO');
INSERT INTO launch_material_requirements (launch_id, material_id, required_quantity, fulfilled_quantity) VALUES ('a235d7a0-373a-4032-83de-41c4d2ff06f9', '524160da-1ede-43c8-8631-5f662e0db3b9', 66.64, 30.4);
INSERT INTO launch_material_requirements (launch_id, material_id, required_quantity, fulfilled_quantity) VALUES ('a235d7a0-373a-4032-83de-41c4d2ff06f9', 'd45b644a-4e7e-4314-bbdf-2081e5fe66ae', 36.42, 27.78);
INSERT INTO launch_material_requirements (launch_id, material_id, required_quantity, fulfilled_quantity) VALUES ('a235d7a0-373a-4032-83de-41c4d2ff06f9', '6a3bdd86-a1ca-4bcf-96ab-4306690aaeaa', 46.89, 14.59);
INSERT INTO launch_material_requirements (launch_id, material_id, required_quantity, fulfilled_quantity) VALUES ('a235d7a0-373a-4032-83de-41c4d2ff06f9', 'ce899f55-bd7b-44c1-9d88-3e843afdfc55', 23.53, 13.24);
INSERT INTO launch_material_requirements (launch_id, material_id, required_quantity, fulfilled_quantity) VALUES ('a235d7a0-373a-4032-83de-41c4d2ff06f9', '0aeee190-7837-496f-abee-6d78e300bd62', 86.5, 63.28);
INSERT INTO launch_material_requirements (launch_id, material_id, required_quantity, fulfilled_quantity) VALUES ('a235d7a0-373a-4032-83de-41c4d2ff06f9', 'b165e338-3704-41c5-bac3-14a0e646c532', 63.21, 41.7);
INSERT INTO launch_material_requirements (launch_id, material_id, required_quantity, fulfilled_quantity) VALUES ('a235d7a0-373a-4032-83de-41c4d2ff06f9', '4a2bbf7a-84b0-4dba-aa4c-f5a50fc683b8', 20.31, 19.25);
INSERT INTO launch_material_requirements (launch_id, material_id, required_quantity, fulfilled_quantity) VALUES ('a235d7a0-373a-4032-83de-41c4d2ff06f9', '6e2a866a-97ad-407a-bbd7-c3bbb213c473', 13.26, 7.01);
INSERT INTO launch_material_requirements (launch_id, material_id, required_quantity, fulfilled_quantity) VALUES ('a235d7a0-373a-4032-83de-41c4d2ff06f9', 'b5d12a1a-82d4-4519-8e69-888d5c06eac6', 5.9, 2.95);
INSERT INTO launch_material_requirements (launch_id, material_id, required_quantity, fulfilled_quantity) VALUES ('a235d7a0-373a-4032-83de-41c4d2ff06f9', 'e3b2690c-6f75-46be-8dc6-21341f73436b', 12.69, 9.76);
INSERT INTO launch_material_requirements (launch_id, material_id, required_quantity, fulfilled_quantity) VALUES ('a235d7a0-373a-4032-83de-41c4d2ff06f9', '24989d63-dc25-4bcb-baa2-76beef08dbd5', 194.66, 152.39);
INSERT INTO launch_material_requirements (launch_id, material_id, required_quantity, fulfilled_quantity) VALUES ('a235d7a0-373a-4032-83de-41c4d2ff06f9', '6506841d-30b9-4976-be7d-19871f018407', 288.95, 216.31);
INSERT INTO launch_material_requirements (launch_id, material_id, required_quantity, fulfilled_quantity) VALUES ('a235d7a0-373a-4032-83de-41c4d2ff06f9', '16954e47-3c53-4734-918b-56b1f5cadd52', 62.98, 49.13);
INSERT INTO launch_material_requirements (launch_id, material_id, required_quantity, fulfilled_quantity) VALUES ('a235d7a0-373a-4032-83de-41c4d2ff06f9', '5c9fec17-a445-4f5d-ae17-3d0b0375dcfa', 91.47, 62.5);
INSERT INTO launch_material_requirements (launch_id, material_id, required_quantity, fulfilled_quantity) VALUES ('a235d7a0-373a-4032-83de-41c4d2ff06f9', '0ebbe2c7-c3f4-4a1f-ad0a-f547b6a7e0b9', 98.42, 67.7);
INSERT INTO launch_material_requirements (launch_id, material_id, required_quantity, fulfilled_quantity) VALUES ('a235d7a0-373a-4032-83de-41c4d2ff06f9', 'fd893bc1-9eed-4a77-a050-61a576f5f32e', 98.54, 82.89);
INSERT INTO launch_material_requirements (launch_id, material_id, required_quantity, fulfilled_quantity) VALUES ('a235d7a0-373a-4032-83de-41c4d2ff06f9', '98d957f9-8b91-4684-9d83-f1a3ed5f3ca3', 28.33, 15.14);
INSERT INTO launch_material_requirements (launch_id, material_id, required_quantity, fulfilled_quantity) VALUES ('a235d7a0-373a-4032-83de-41c4d2ff06f9', 'cd890b86-57e7-4899-a509-e7624125ab74', 38.14, 28.99);
INSERT INTO launch_material_requirements (launch_id, material_id, required_quantity, fulfilled_quantity) VALUES ('a235d7a0-373a-4032-83de-41c4d2ff06f9', '33afd19b-339d-4d7c-a9a1-ec690f48e439', 5.52, 1.82);
INSERT INTO launch_material_requirements (launch_id, material_id, required_quantity, fulfilled_quantity) VALUES ('a235d7a0-373a-4032-83de-41c4d2ff06f9', '817928be-2591-41b0-9556-807f47578e04', 6.98, 3.42);
INSERT INTO launch_material_requirements (launch_id, material_id, required_quantity, fulfilled_quantity) VALUES ('a235d7a0-373a-4032-83de-41c4d2ff06f9', '32f68f3d-66e5-46ca-8640-f398fec6cabf', 153.29, 109.54);
INSERT INTO launch_material_requirements (launch_id, material_id, required_quantity, fulfilled_quantity) VALUES ('a235d7a0-373a-4032-83de-41c4d2ff06f9', 'a6e0ede3-2164-47b3-8c99-09b1926f24c6', 65.17, 23.9);
INSERT INTO launch_material_requirements (launch_id, material_id, required_quantity, fulfilled_quantity) VALUES ('a235d7a0-373a-4032-83de-41c4d2ff06f9', 'c0fb27e0-52c3-4161-8114-e186e6a8a18e', 259.2, 125.67);
INSERT INTO launch_material_requirements (launch_id, material_id, required_quantity, fulfilled_quantity) VALUES ('a235d7a0-373a-4032-83de-41c4d2ff06f9', '5725a7e1-b3cd-452e-87ce-4a085c9a9256', 1218.07, 635.17);
INSERT INTO launch_material_requirements (launch_id, material_id, required_quantity, fulfilled_quantity) VALUES ('a235d7a0-373a-4032-83de-41c4d2ff06f9', '2a836c09-1d5a-4e74-baf6-b8b6f1b4a38b', 584.47, 271.26);
INSERT INTO launch_material_requirements (launch_id, material_id, required_quantity, fulfilled_quantity) VALUES ('a235d7a0-373a-4032-83de-41c4d2ff06f9', '20f8a95e-e41c-400b-89cb-663c97cf1cdd', 358.52, 134.14);
INSERT INTO launch_material_requirements (launch_id, material_id, required_quantity, fulfilled_quantity) VALUES ('a235d7a0-373a-4032-83de-41c4d2ff06f9', 'c18566cc-c751-4e85-8b17-86da779dd365', 119.6, 74.11);
INSERT INTO launch_material_requirements (launch_id, material_id, required_quantity, fulfilled_quantity) VALUES ('a235d7a0-373a-4032-83de-41c4d2ff06f9', '8ce27403-e92b-4b3a-b497-401bf3e2cd52', 68.28, 50.95);
INSERT INTO launch_material_requirements (launch_id, material_id, required_quantity, fulfilled_quantity) VALUES ('a235d7a0-373a-4032-83de-41c4d2ff06f9', 'c6d1736c-86f0-41f3-b98c-d2758ee898dc', 2.91, 2.41);
INSERT INTO launch_material_requirements (launch_id, material_id, required_quantity, fulfilled_quantity) VALUES ('a235d7a0-373a-4032-83de-41c4d2ff06f9', 'a6920ea0-7ff1-4876-9573-57490bcb01d8', 7.69, 2.73);
INSERT INTO launch_material_requirements (launch_id, material_id, required_quantity, fulfilled_quantity) VALUES ('a235d7a0-373a-4032-83de-41c4d2ff06f9', 'a418015c-2518-4c2a-b601-d3dc0d8c7d49', 2.62, 1.74);
INSERT INTO launch_material_requirements (launch_id, material_id, required_quantity, fulfilled_quantity) VALUES ('a235d7a0-373a-4032-83de-41c4d2ff06f9', 'c266bcba-cada-4b24-aa8f-2263caf2ec25', 11.24, 7.73);
INSERT INTO launch_material_requirements (launch_id, material_id, required_quantity, fulfilled_quantity) VALUES ('a235d7a0-373a-4032-83de-41c4d2ff06f9', '2704b827-3a39-4eb7-9b93-d90703ca3d0e', 5.71, 4.59);
INSERT INTO launch_material_requirements (launch_id, material_id, required_quantity, fulfilled_quantity) VALUES ('a235d7a0-373a-4032-83de-41c4d2ff06f9', '397c5d35-d33e-4814-88c3-97fcf5908a87', 21.41, 19.07);
INSERT INTO launch_material_requirements (launch_id, material_id, required_quantity, fulfilled_quantity) VALUES ('a235d7a0-373a-4032-83de-41c4d2ff06f9', '88125954-ef91-4f87-b248-8c7bc520df49', 2.84, 1.94);
INSERT INTO launch_material_requirements (launch_id, material_id, required_quantity, fulfilled_quantity) VALUES ('a235d7a0-373a-4032-83de-41c4d2ff06f9', 'd2e4550b-935c-4aa7-ad84-05114707af7a', 2.29, 1.53);
INSERT INTO launch_material_requirements (launch_id, material_id, required_quantity, fulfilled_quantity) VALUES ('a235d7a0-373a-4032-83de-41c4d2ff06f9', 'e3eb19bc-5006-4067-9e83-a3c2ff587314', 2.95, 2.73);
INSERT INTO launch_material_requirements (launch_id, material_id, required_quantity, fulfilled_quantity) VALUES ('a235d7a0-373a-4032-83de-41c4d2ff06f9', 'ea45353e-9fd0-443d-9942-267ec665c69d', 2.6, 2.07);
INSERT INTO launch_material_requirements (launch_id, material_id, required_quantity, fulfilled_quantity) VALUES ('a235d7a0-373a-4032-83de-41c4d2ff06f9', '1fc63b5c-2da4-4789-8d10-422789a66231', 4.31, 2.03);
INSERT INTO launch_material_requirements (launch_id, material_id, required_quantity, fulfilled_quantity) VALUES ('a235d7a0-373a-4032-83de-41c4d2ff06f9', '871b5201-ec01-4b0e-ad16-79cf071eb9a5', 2.49, 1.14);
INSERT INTO launch_material_requirements (launch_id, material_id, required_quantity, fulfilled_quantity) VALUES ('a235d7a0-373a-4032-83de-41c4d2ff06f9', '847b87e9-c6c3-4605-b916-9de4e885f0b5', 7.97, 3.2);
INSERT INTO launch_material_requirements (launch_id, material_id, required_quantity, fulfilled_quantity) VALUES ('a235d7a0-373a-4032-83de-41c4d2ff06f9', 'c21a1ada-d4ee-4636-8651-941793f11052', 4.45, 3.33);
INSERT INTO launch_material_requirements (launch_id, material_id, required_quantity, fulfilled_quantity) VALUES ('a235d7a0-373a-4032-83de-41c4d2ff06f9', 'a4098739-5ccd-477a-8efd-2fae9e91199d', 3.61, 1.16);
INSERT INTO launch_material_requirements (launch_id, material_id, required_quantity, fulfilled_quantity) VALUES ('a235d7a0-373a-4032-83de-41c4d2ff06f9', 'fc06e5f7-30bc-4407-ba1c-346380729d0d', 3.73, 1.8);
INSERT INTO launch_material_requirements (launch_id, material_id, required_quantity, fulfilled_quantity) VALUES ('a235d7a0-373a-4032-83de-41c4d2ff06f9', '1ced20f0-ba79-49ad-b564-f6edcf0ce425', 53.68, 18.59);
INSERT INTO launch_material_requirements (launch_id, material_id, required_quantity, fulfilled_quantity) VALUES ('a235d7a0-373a-4032-83de-41c4d2ff06f9', '3c51b11c-c4ca-4868-8b04-64762a832178', 42.51, 20.06);
INSERT INTO launch_material_requirements (launch_id, material_id, required_quantity, fulfilled_quantity) VALUES ('a235d7a0-373a-4032-83de-41c4d2ff06f9', '545ca2a1-fecc-4ea1-a2d0-941c9e5b533c', 42.17, 28.82);
INSERT INTO launch_material_requirements (launch_id, material_id, required_quantity, fulfilled_quantity) VALUES ('a235d7a0-373a-4032-83de-41c4d2ff06f9', 'd8080836-a468-4b62-a489-33f897d41490', 34.12, 14.62);
INSERT INTO launch_material_requirements (launch_id, material_id, required_quantity, fulfilled_quantity) VALUES ('a235d7a0-373a-4032-83de-41c4d2ff06f9', '558662a6-ab1c-40f7-91b0-11211bcb576f', 4.03, 1.8);
INSERT INTO launch_material_requirements (launch_id, material_id, required_quantity, fulfilled_quantity) VALUES ('a235d7a0-373a-4032-83de-41c4d2ff06f9', 'a4493236-13c1-4ade-867f-79c455a5578f', 7.23, 3.42);
INSERT INTO launch_material_requirements (launch_id, material_id, required_quantity, fulfilled_quantity) VALUES ('a235d7a0-373a-4032-83de-41c4d2ff06f9', 'd655d2ce-716b-4197-9289-a1a4a6842cab', 1.43, 0.48);
INSERT INTO launch_material_requirements (launch_id, material_id, required_quantity, fulfilled_quantity) VALUES ('a235d7a0-373a-4032-83de-41c4d2ff06f9', '7403c144-1b40-4dcd-bd78-50d887f4cd3e', 3.38, 2.32);
INSERT INTO launch_material_requirements (launch_id, material_id, required_quantity, fulfilled_quantity) VALUES ('a235d7a0-373a-4032-83de-41c4d2ff06f9', '55eabc70-16ad-4bc5-ae63-44649377f285', 3.47, 3.12);
INSERT INTO launch_material_requirements (launch_id, material_id, required_quantity, fulfilled_quantity) VALUES ('a235d7a0-373a-4032-83de-41c4d2ff06f9', '6a90fdd6-7736-4cbe-a885-f2973f8abc09', 4.63, 2.8);
INSERT INTO launch_material_requirements (launch_id, material_id, required_quantity, fulfilled_quantity) VALUES ('a235d7a0-373a-4032-83de-41c4d2ff06f9', '6ca0c168-055d-4f26-8365-45b9f54cb2ae', 19.12, 10.74);
INSERT INTO launch_material_requirements (launch_id, material_id, required_quantity, fulfilled_quantity) VALUES ('a235d7a0-373a-4032-83de-41c4d2ff06f9', '9312d9b6-b7c9-4812-946a-8689ac421a66', 3.63, 2.36);
INSERT INTO launch_material_requirements (launch_id, material_id, required_quantity, fulfilled_quantity) VALUES ('a235d7a0-373a-4032-83de-41c4d2ff06f9', '252cf6dd-e1f9-465b-9278-bc67bc937713', 9.25, 6.37);
INSERT INTO launch_material_requirements (launch_id, material_id, required_quantity, fulfilled_quantity) VALUES ('a235d7a0-373a-4032-83de-41c4d2ff06f9', '6f435b28-61e1-4c49-813b-312be2d0ba67', 11.0, 8.55);
INSERT INTO launch_material_requirements (launch_id, material_id, required_quantity, fulfilled_quantity) VALUES ('a235d7a0-373a-4032-83de-41c4d2ff06f9', 'd1cf56c7-365d-4a6f-9bd8-498362577f3b', 5.62, 1.78);
INSERT INTO launch_material_requirements (launch_id, material_id, required_quantity, fulfilled_quantity) VALUES ('a235d7a0-373a-4032-83de-41c4d2ff06f9', '0df9bada-08c6-40f7-b9b5-cdb180d8d473', 5.06, 3.74);
INSERT INTO launch_material_requirements (launch_id, material_id, required_quantity, fulfilled_quantity) VALUES ('a235d7a0-373a-4032-83de-41c4d2ff06f9', '7f72fd26-6122-4441-a40a-822e30a1824d', 5.37, 3.66);
INSERT INTO launch_material_requirements (launch_id, material_id, required_quantity, fulfilled_quantity) VALUES ('a235d7a0-373a-4032-83de-41c4d2ff06f9', '3e6d0778-c67e-43e1-a0a0-e4fc951a23c7', 4.25, 3.39);
INSERT INTO launch_material_requirements (launch_id, material_id, required_quantity, fulfilled_quantity) VALUES ('a235d7a0-373a-4032-83de-41c4d2ff06f9', '0cbd0c8b-82bd-4a50-89b9-fc07de14c0d2', 20.79, 14.02);
INSERT INTO launch_material_requirements (launch_id, material_id, required_quantity, fulfilled_quantity) VALUES ('a235d7a0-373a-4032-83de-41c4d2ff06f9', 'a7cdd333-4599-4e65-ad0f-7a6930dfa5e1', 16.45, 6.81);
INSERT INTO launch_material_requirements (launch_id, material_id, required_quantity, fulfilled_quantity) VALUES ('a235d7a0-373a-4032-83de-41c4d2ff06f9', 'c0d197cb-9bac-465f-8a33-fc525ec532d5', 10.23, 6.01);
INSERT INTO launch_material_requirements (launch_id, material_id, required_quantity, fulfilled_quantity) VALUES ('a235d7a0-373a-4032-83de-41c4d2ff06f9', '55d76cbf-5293-4e57-ac43-210ac6d43d89', 13.76, 13.04);
INSERT INTO launch_material_requirements (launch_id, material_id, required_quantity, fulfilled_quantity) VALUES ('a235d7a0-373a-4032-83de-41c4d2ff06f9', 'a537f967-4605-441b-bac4-90c281d7e504', 4.62, 3.83);
INSERT INTO launch_material_requirements (launch_id, material_id, required_quantity, fulfilled_quantity) VALUES ('a235d7a0-373a-4032-83de-41c4d2ff06f9', '62ebbf75-8249-4ee3-b5eb-4bc0245ba60f', 5.86, 3.55);
INSERT INTO launch_material_requirements (launch_id, material_id, required_quantity, fulfilled_quantity) VALUES ('a235d7a0-373a-4032-83de-41c4d2ff06f9', '8f566dd6-ceec-4c1e-a42e-238f3bed2642', 3.34, 1.7);
INSERT INTO launch_material_requirements (launch_id, material_id, required_quantity, fulfilled_quantity) VALUES ('a235d7a0-373a-4032-83de-41c4d2ff06f9', '2f85d340-ba17-4f3b-930f-526180d8cadd', 2.63, 1.06);
INSERT INTO launch_material_requirements (launch_id, material_id, required_quantity, fulfilled_quantity) VALUES ('a235d7a0-373a-4032-83de-41c4d2ff06f9', 'bbf18af0-d831-4387-a479-b54e4d5fc0ba', 4.47, 2.78);
INSERT INTO launch_material_requirements (launch_id, material_id, required_quantity, fulfilled_quantity) VALUES ('a235d7a0-373a-4032-83de-41c4d2ff06f9', 'c9084421-d75e-42bc-b631-859f07ec6964', 14.94, 8.37);
INSERT INTO launch_material_requirements (launch_id, material_id, required_quantity, fulfilled_quantity) VALUES ('a235d7a0-373a-4032-83de-41c4d2ff06f9', 'ab1cecdc-e94d-4a38-89fb-5548f9f38196', 49.22, 15.94);
INSERT INTO launch_material_requirements (launch_id, material_id, required_quantity, fulfilled_quantity) VALUES ('a235d7a0-373a-4032-83de-41c4d2ff06f9', '155c549a-f5b6-4855-a37a-81a41eb1df4d', 2.53, 1.17);
INSERT INTO launch_material_requirements (launch_id, material_id, required_quantity, fulfilled_quantity) VALUES ('a235d7a0-373a-4032-83de-41c4d2ff06f9', '2f6f8b29-756b-47f7-ad1f-f6f5716d1b5f', 2.7, 2.17);
INSERT INTO launch_material_requirements (launch_id, material_id, required_quantity, fulfilled_quantity) VALUES ('a235d7a0-373a-4032-83de-41c4d2ff06f9', '6882a170-da9a-493a-a8f9-d3a8390f5eec', 5.39, 4.51);
INSERT INTO launch_material_requirements (launch_id, material_id, required_quantity, fulfilled_quantity) VALUES ('a235d7a0-373a-4032-83de-41c4d2ff06f9', '97561058-7ebc-4b42-9924-caa8ddb55341', 2.01, 1.74);
INSERT INTO launch_material_requirements (launch_id, material_id, required_quantity, fulfilled_quantity) VALUES ('a235d7a0-373a-4032-83de-41c4d2ff06f9', '25877442-ee1b-4e3b-9989-c79c12f89e4b', 9.54, 3.2);
INSERT INTO launch_material_requirements (launch_id, material_id, required_quantity, fulfilled_quantity) VALUES ('a235d7a0-373a-4032-83de-41c4d2ff06f9', 'e56e32cc-c62a-4116-aa27-78e7f62226fd', 3.83, 2.7);
INSERT INTO launch_material_requirements (launch_id, material_id, required_quantity, fulfilled_quantity) VALUES ('a235d7a0-373a-4032-83de-41c4d2ff06f9', '9ecae36b-c0a2-4468-9140-c30f839ad4f9', 2.5, 1.47);
INSERT INTO launch_material_requirements (launch_id, material_id, required_quantity, fulfilled_quantity) VALUES ('a235d7a0-373a-4032-83de-41c4d2ff06f9', 'ee50af8d-c745-405d-bb9d-2cdd06c3545c', 2.31, 1.09);
INSERT INTO launch_material_requirements (launch_id, material_id, required_quantity, fulfilled_quantity) VALUES ('a235d7a0-373a-4032-83de-41c4d2ff06f9', '31b59c29-feb0-4bb8-89b2-a0d1bbf41943', 8.36, 4.07);
INSERT INTO launch_material_requirements (launch_id, material_id, required_quantity, fulfilled_quantity) VALUES ('a235d7a0-373a-4032-83de-41c4d2ff06f9', 'ea36e74a-68eb-42c8-9106-e28fbd5fe63f', 36.43, 22.41);
INSERT INTO launch_material_requirements (launch_id, material_id, required_quantity, fulfilled_quantity) VALUES ('a235d7a0-373a-4032-83de-41c4d2ff06f9', 'fb28f607-5be4-45ba-8702-df78eba1987e', 1.09, 0.77);
INSERT INTO launch_material_requirements (launch_id, material_id, required_quantity, fulfilled_quantity) VALUES ('a235d7a0-373a-4032-83de-41c4d2ff06f9', '07cabfc0-07f7-4cf2-9f69-a6358b2cf725', 3.4, 2.59);
INSERT INTO launch_material_requirements (launch_id, material_id, required_quantity, fulfilled_quantity) VALUES ('a235d7a0-373a-4032-83de-41c4d2ff06f9', '07e5afad-fce2-44ad-b22d-648adc8bdc09', 14.49, 4.48);
INSERT INTO launch_material_requirements (launch_id, material_id, required_quantity, fulfilled_quantity) VALUES ('a235d7a0-373a-4032-83de-41c4d2ff06f9', '78d8fa24-d067-4a5d-bb4d-9af90818b7b3', 44.48, 19.84);
INSERT INTO launch_material_requirements (launch_id, material_id, required_quantity, fulfilled_quantity) VALUES ('a235d7a0-373a-4032-83de-41c4d2ff06f9', '6518962f-516d-437b-a82b-ba466559ea20', 88.11, 32.93);
INSERT INTO launch_material_requirements (launch_id, material_id, required_quantity, fulfilled_quantity) VALUES ('a235d7a0-373a-4032-83de-41c4d2ff06f9', '60a55124-23c6-4c15-b081-be9324000d50', 38.41, 27.69);
INSERT INTO launch_material_requirements (launch_id, material_id, required_quantity, fulfilled_quantity) VALUES ('a235d7a0-373a-4032-83de-41c4d2ff06f9', '0f0fd8d5-c1cd-4649-bd95-ddbca31bb25a', 73.1, 66.25);
INSERT INTO launch_material_requirements (launch_id, material_id, required_quantity, fulfilled_quantity) VALUES ('a235d7a0-373a-4032-83de-41c4d2ff06f9', '988de518-33e1-4cd1-8418-bd1917382638', 37.51, 28.45);
INSERT INTO launch_material_requirements (launch_id, material_id, required_quantity, fulfilled_quantity) VALUES ('a235d7a0-373a-4032-83de-41c4d2ff06f9', '2d65446b-c150-439e-92b3-b22600258f1f', 561.62, 344.62);
INSERT INTO launch_material_requirements (launch_id, material_id, required_quantity, fulfilled_quantity) VALUES ('a235d7a0-373a-4032-83de-41c4d2ff06f9', '23695e1d-62b1-4c1b-ab4d-30d8e08fcb0d', 120.83, 72.12);
INSERT INTO launch_material_requirements (launch_id, material_id, required_quantity, fulfilled_quantity) VALUES ('a235d7a0-373a-4032-83de-41c4d2ff06f9', 'ac371004-a3aa-462c-8810-8d86b3d13254', 21.51, 9.12);
INSERT INTO launch_material_requirements (launch_id, material_id, required_quantity, fulfilled_quantity) VALUES ('a235d7a0-373a-4032-83de-41c4d2ff06f9', '346a7196-96be-4cc6-a851-84efe4717b72', 27.98, 21.97);
INSERT INTO launch_material_requirements (launch_id, material_id, required_quantity, fulfilled_quantity) VALUES ('a235d7a0-373a-4032-83de-41c4d2ff06f9', '90bfe302-5a6c-441b-afbf-97d44ebece59', 140.95, 48.68);
INSERT INTO launch_material_requirements (launch_id, material_id, required_quantity, fulfilled_quantity) VALUES ('a235d7a0-373a-4032-83de-41c4d2ff06f9', '464a9a90-1940-4e1b-963c-509d9286db09', 41.48, 35.48);
INSERT INTO launch_material_requirements (launch_id, material_id, required_quantity, fulfilled_quantity) VALUES ('a235d7a0-373a-4032-83de-41c4d2ff06f9', '17614fb7-8bc2-4e62-adaf-8baccaaf4560', 30.29, 24.6);
INSERT INTO launch_material_requirements (launch_id, material_id, required_quantity, fulfilled_quantity) VALUES ('a235d7a0-373a-4032-83de-41c4d2ff06f9', 'e8ae5551-a827-427b-841a-aa79532f9173', 13.51, 4.08);
INSERT INTO launch_material_requirements (launch_id, material_id, required_quantity, fulfilled_quantity) VALUES ('a235d7a0-373a-4032-83de-41c4d2ff06f9', '95a9f2df-545c-4606-99ee-414ddd1e0608', 63.56, 53.67);
INSERT INTO launch_material_requirements (launch_id, material_id, required_quantity, fulfilled_quantity) VALUES ('a235d7a0-373a-4032-83de-41c4d2ff06f9', 'f299b5b8-bc76-40ee-a689-d0dab02b1b66', 27.4, 19.97);
INSERT INTO launch_material_requirements (launch_id, material_id, required_quantity, fulfilled_quantity) VALUES ('a235d7a0-373a-4032-83de-41c4d2ff06f9', 'dff86d03-b285-4138-8128-a226dafb3587', 89.89, 53.06);
INSERT INTO launch_material_requirements (launch_id, material_id, required_quantity, fulfilled_quantity) VALUES ('4c21793a-f36f-4479-bcf1-2d76c00a8073', '524160da-1ede-43c8-8631-5f662e0db3b9', 61.33, 31.65);
INSERT INTO launch_material_requirements (launch_id, material_id, required_quantity, fulfilled_quantity) VALUES ('4c21793a-f36f-4479-bcf1-2d76c00a8073', 'd45b644a-4e7e-4314-bbdf-2081e5fe66ae', 49.33, 26.89);
INSERT INTO launch_material_requirements (launch_id, material_id, required_quantity, fulfilled_quantity) VALUES ('4c21793a-f36f-4479-bcf1-2d76c00a8073', '6a3bdd86-a1ca-4bcf-96ab-4306690aaeaa', 75.97, 65.73);
INSERT INTO launch_material_requirements (launch_id, material_id, required_quantity, fulfilled_quantity) VALUES ('4c21793a-f36f-4479-bcf1-2d76c00a8073', 'ce899f55-bd7b-44c1-9d88-3e843afdfc55', 49.28, 22.43);
INSERT INTO launch_material_requirements (launch_id, material_id, required_quantity, fulfilled_quantity) VALUES ('4c21793a-f36f-4479-bcf1-2d76c00a8073', '0aeee190-7837-496f-abee-6d78e300bd62', 107.45, 92.02);
INSERT INTO launch_material_requirements (launch_id, material_id, required_quantity, fulfilled_quantity) VALUES ('4c21793a-f36f-4479-bcf1-2d76c00a8073', 'b165e338-3704-41c5-bac3-14a0e646c532', 66.97, 33.94);
INSERT INTO launch_material_requirements (launch_id, material_id, required_quantity, fulfilled_quantity) VALUES ('4c21793a-f36f-4479-bcf1-2d76c00a8073', '4a2bbf7a-84b0-4dba-aa4c-f5a50fc683b8', 24.19, 21.62);
INSERT INTO launch_material_requirements (launch_id, material_id, required_quantity, fulfilled_quantity) VALUES ('4c21793a-f36f-4479-bcf1-2d76c00a8073', '6e2a866a-97ad-407a-bbd7-c3bbb213c473', 10.72, 10.1);
INSERT INTO launch_material_requirements (launch_id, material_id, required_quantity, fulfilled_quantity) VALUES ('4c21793a-f36f-4479-bcf1-2d76c00a8073', 'b5d12a1a-82d4-4519-8e69-888d5c06eac6', 8.44, 6.11);
INSERT INTO launch_material_requirements (launch_id, material_id, required_quantity, fulfilled_quantity) VALUES ('4c21793a-f36f-4479-bcf1-2d76c00a8073', 'e3b2690c-6f75-46be-8dc6-21341f73436b', 10.92, 10.12);
INSERT INTO launch_material_requirements (launch_id, material_id, required_quantity, fulfilled_quantity) VALUES ('4c21793a-f36f-4479-bcf1-2d76c00a8073', '24989d63-dc25-4bcb-baa2-76beef08dbd5', 137.87, 127.87);
INSERT INTO launch_material_requirements (launch_id, material_id, required_quantity, fulfilled_quantity) VALUES ('4c21793a-f36f-4479-bcf1-2d76c00a8073', '6506841d-30b9-4976-be7d-19871f018407', 149.7, 54.68);
INSERT INTO launch_material_requirements (launch_id, material_id, required_quantity, fulfilled_quantity) VALUES ('4c21793a-f36f-4479-bcf1-2d76c00a8073', '16954e47-3c53-4734-918b-56b1f5cadd52', 141.4, 51.58);
INSERT INTO launch_material_requirements (launch_id, material_id, required_quantity, fulfilled_quantity) VALUES ('4c21793a-f36f-4479-bcf1-2d76c00a8073', '5c9fec17-a445-4f5d-ae17-3d0b0375dcfa', 186.57, 57.83);
INSERT INTO launch_material_requirements (launch_id, material_id, required_quantity, fulfilled_quantity) VALUES ('4c21793a-f36f-4479-bcf1-2d76c00a8073', '0ebbe2c7-c3f4-4a1f-ad0a-f547b6a7e0b9', 42.97, 37.22);
INSERT INTO launch_material_requirements (launch_id, material_id, required_quantity, fulfilled_quantity) VALUES ('4c21793a-f36f-4479-bcf1-2d76c00a8073', 'fd893bc1-9eed-4a77-a050-61a576f5f32e', 97.75, 34.08);
INSERT INTO launch_material_requirements (launch_id, material_id, required_quantity, fulfilled_quantity) VALUES ('4c21793a-f36f-4479-bcf1-2d76c00a8073', '98d957f9-8b91-4684-9d83-f1a3ed5f3ca3', 50.17, 23.69);
INSERT INTO launch_material_requirements (launch_id, material_id, required_quantity, fulfilled_quantity) VALUES ('4c21793a-f36f-4479-bcf1-2d76c00a8073', 'cd890b86-57e7-4899-a509-e7624125ab74', 57.4, 32.05);
INSERT INTO launch_material_requirements (launch_id, material_id, required_quantity, fulfilled_quantity) VALUES ('4c21793a-f36f-4479-bcf1-2d76c00a8073', '33afd19b-339d-4d7c-a9a1-ec690f48e439', 4.96, 2.55);
INSERT INTO launch_material_requirements (launch_id, material_id, required_quantity, fulfilled_quantity) VALUES ('4c21793a-f36f-4479-bcf1-2d76c00a8073', '817928be-2591-41b0-9556-807f47578e04', 18.14, 11.73);
INSERT INTO launch_material_requirements (launch_id, material_id, required_quantity, fulfilled_quantity) VALUES ('4c21793a-f36f-4479-bcf1-2d76c00a8073', '32f68f3d-66e5-46ca-8640-f398fec6cabf', 154.5, 109.3);
INSERT INTO launch_material_requirements (launch_id, material_id, required_quantity, fulfilled_quantity) VALUES ('4c21793a-f36f-4479-bcf1-2d76c00a8073', 'a6e0ede3-2164-47b3-8c99-09b1926f24c6', 73.25, 45.21);
INSERT INTO launch_material_requirements (launch_id, material_id, required_quantity, fulfilled_quantity) VALUES ('4c21793a-f36f-4479-bcf1-2d76c00a8073', 'c0fb27e0-52c3-4161-8114-e186e6a8a18e', 655.76, 459.92);
INSERT INTO launch_material_requirements (launch_id, material_id, required_quantity, fulfilled_quantity) VALUES ('4c21793a-f36f-4479-bcf1-2d76c00a8073', '5725a7e1-b3cd-452e-87ce-4a085c9a9256', 852.16, 634.74);
INSERT INTO launch_material_requirements (launch_id, material_id, required_quantity, fulfilled_quantity) VALUES ('4c21793a-f36f-4479-bcf1-2d76c00a8073', '2a836c09-1d5a-4e74-baf6-b8b6f1b4a38b', 279.32, 125.1);
INSERT INTO launch_material_requirements (launch_id, material_id, required_quantity, fulfilled_quantity) VALUES ('4c21793a-f36f-4479-bcf1-2d76c00a8073', '20f8a95e-e41c-400b-89cb-663c97cf1cdd', 127.11, 118.96);
INSERT INTO launch_material_requirements (launch_id, material_id, required_quantity, fulfilled_quantity) VALUES ('4c21793a-f36f-4479-bcf1-2d76c00a8073', 'c18566cc-c751-4e85-8b17-86da779dd365', 328.11, 248.55);
INSERT INTO launch_material_requirements (launch_id, material_id, required_quantity, fulfilled_quantity) VALUES ('4c21793a-f36f-4479-bcf1-2d76c00a8073', '8ce27403-e92b-4b3a-b497-401bf3e2cd52', 32.54, 13.28);
INSERT INTO launch_material_requirements (launch_id, material_id, required_quantity, fulfilled_quantity) VALUES ('4c21793a-f36f-4479-bcf1-2d76c00a8073', 'c6d1736c-86f0-41f3-b98c-d2758ee898dc', 3.8, 1.21);
INSERT INTO launch_material_requirements (launch_id, material_id, required_quantity, fulfilled_quantity) VALUES ('4c21793a-f36f-4479-bcf1-2d76c00a8073', 'a6920ea0-7ff1-4876-9573-57490bcb01d8', 3.95, 1.33);
INSERT INTO launch_material_requirements (launch_id, material_id, required_quantity, fulfilled_quantity) VALUES ('4c21793a-f36f-4479-bcf1-2d76c00a8073', 'a418015c-2518-4c2a-b601-d3dc0d8c7d49', 3.11, 1.8);
INSERT INTO launch_material_requirements (launch_id, material_id, required_quantity, fulfilled_quantity) VALUES ('4c21793a-f36f-4479-bcf1-2d76c00a8073', 'c266bcba-cada-4b24-aa8f-2263caf2ec25', 8.66, 4.92);
INSERT INTO launch_material_requirements (launch_id, material_id, required_quantity, fulfilled_quantity) VALUES ('4c21793a-f36f-4479-bcf1-2d76c00a8073', '2704b827-3a39-4eb7-9b93-d90703ca3d0e', 6.09, 2.54);
INSERT INTO launch_material_requirements (launch_id, material_id, required_quantity, fulfilled_quantity) VALUES ('4c21793a-f36f-4479-bcf1-2d76c00a8073', '397c5d35-d33e-4814-88c3-97fcf5908a87', 15.25, 10.62);
INSERT INTO launch_material_requirements (launch_id, material_id, required_quantity, fulfilled_quantity) VALUES ('4c21793a-f36f-4479-bcf1-2d76c00a8073', '88125954-ef91-4f87-b248-8c7bc520df49', 3.22, 2.4);
INSERT INTO launch_material_requirements (launch_id, material_id, required_quantity, fulfilled_quantity) VALUES ('4c21793a-f36f-4479-bcf1-2d76c00a8073', 'd2e4550b-935c-4aa7-ad84-05114707af7a', 2.49, 1.69);
INSERT INTO launch_material_requirements (launch_id, material_id, required_quantity, fulfilled_quantity) VALUES ('4c21793a-f36f-4479-bcf1-2d76c00a8073', 'e3eb19bc-5006-4067-9e83-a3c2ff587314', 4.24, 3.03);
INSERT INTO launch_material_requirements (launch_id, material_id, required_quantity, fulfilled_quantity) VALUES ('4c21793a-f36f-4479-bcf1-2d76c00a8073', 'ea45353e-9fd0-443d-9942-267ec665c69d', 4.76, 3.49);
INSERT INTO launch_material_requirements (launch_id, material_id, required_quantity, fulfilled_quantity) VALUES ('4c21793a-f36f-4479-bcf1-2d76c00a8073', '1fc63b5c-2da4-4789-8d10-422789a66231', 5.55, 3.34);
INSERT INTO launch_material_requirements (launch_id, material_id, required_quantity, fulfilled_quantity) VALUES ('4c21793a-f36f-4479-bcf1-2d76c00a8073', '871b5201-ec01-4b0e-ad16-79cf071eb9a5', 3.73, 2.44);
INSERT INTO launch_material_requirements (launch_id, material_id, required_quantity, fulfilled_quantity) VALUES ('4c21793a-f36f-4479-bcf1-2d76c00a8073', '847b87e9-c6c3-4605-b916-9de4e885f0b5', 3.66, 3.35);
INSERT INTO launch_material_requirements (launch_id, material_id, required_quantity, fulfilled_quantity) VALUES ('4c21793a-f36f-4479-bcf1-2d76c00a8073', 'c21a1ada-d4ee-4636-8651-941793f11052', 7.93, 3.92);
INSERT INTO launch_material_requirements (launch_id, material_id, required_quantity, fulfilled_quantity) VALUES ('4c21793a-f36f-4479-bcf1-2d76c00a8073', 'a4098739-5ccd-477a-8efd-2fae9e91199d', 5.83, 4.36);
INSERT INTO launch_material_requirements (launch_id, material_id, required_quantity, fulfilled_quantity) VALUES ('4c21793a-f36f-4479-bcf1-2d76c00a8073', 'fc06e5f7-30bc-4407-ba1c-346380729d0d', 4.74, 2.35);
INSERT INTO launch_material_requirements (launch_id, material_id, required_quantity, fulfilled_quantity) VALUES ('4c21793a-f36f-4479-bcf1-2d76c00a8073', '1ced20f0-ba79-49ad-b564-f6edcf0ce425', 59.97, 51.25);
INSERT INTO launch_material_requirements (launch_id, material_id, required_quantity, fulfilled_quantity) VALUES ('4c21793a-f36f-4479-bcf1-2d76c00a8073', '3c51b11c-c4ca-4868-8b04-64762a832178', 33.0, 18.08);
INSERT INTO launch_material_requirements (launch_id, material_id, required_quantity, fulfilled_quantity) VALUES ('4c21793a-f36f-4479-bcf1-2d76c00a8073', '545ca2a1-fecc-4ea1-a2d0-941c9e5b533c', 25.96, 12.78);
INSERT INTO launch_material_requirements (launch_id, material_id, required_quantity, fulfilled_quantity) VALUES ('4c21793a-f36f-4479-bcf1-2d76c00a8073', 'd8080836-a468-4b62-a489-33f897d41490', 30.98, 9.74);
INSERT INTO launch_material_requirements (launch_id, material_id, required_quantity, fulfilled_quantity) VALUES ('4c21793a-f36f-4479-bcf1-2d76c00a8073', '558662a6-ab1c-40f7-91b0-11211bcb576f', 10.47, 5.83);
INSERT INTO launch_material_requirements (launch_id, material_id, required_quantity, fulfilled_quantity) VALUES ('4c21793a-f36f-4479-bcf1-2d76c00a8073', 'a4493236-13c1-4ade-867f-79c455a5578f', 5.12, 4.41);
INSERT INTO launch_material_requirements (launch_id, material_id, required_quantity, fulfilled_quantity) VALUES ('4c21793a-f36f-4479-bcf1-2d76c00a8073', 'd655d2ce-716b-4197-9289-a1a4a6842cab', 3.33, 3.11);
INSERT INTO launch_material_requirements (launch_id, material_id, required_quantity, fulfilled_quantity) VALUES ('4c21793a-f36f-4479-bcf1-2d76c00a8073', '7403c144-1b40-4dcd-bd78-50d887f4cd3e', 3.73, 2.93);
INSERT INTO launch_material_requirements (launch_id, material_id, required_quantity, fulfilled_quantity) VALUES ('4c21793a-f36f-4479-bcf1-2d76c00a8073', '55eabc70-16ad-4bc5-ae63-44649377f285', 3.5, 3.1);
INSERT INTO launch_material_requirements (launch_id, material_id, required_quantity, fulfilled_quantity) VALUES ('4c21793a-f36f-4479-bcf1-2d76c00a8073', '6a90fdd6-7736-4cbe-a885-f2973f8abc09', 6.65, 2.99);
INSERT INTO launch_material_requirements (launch_id, material_id, required_quantity, fulfilled_quantity) VALUES ('4c21793a-f36f-4479-bcf1-2d76c00a8073', '6ca0c168-055d-4f26-8365-45b9f54cb2ae', 34.06, 15.07);
INSERT INTO launch_material_requirements (launch_id, material_id, required_quantity, fulfilled_quantity) VALUES ('4c21793a-f36f-4479-bcf1-2d76c00a8073', '9312d9b6-b7c9-4812-946a-8689ac421a66', 3.14, 1.45);
INSERT INTO launch_material_requirements (launch_id, material_id, required_quantity, fulfilled_quantity) VALUES ('4c21793a-f36f-4479-bcf1-2d76c00a8073', '252cf6dd-e1f9-465b-9278-bc67bc937713', 13.07, 10.44);
INSERT INTO launch_material_requirements (launch_id, material_id, required_quantity, fulfilled_quantity) VALUES ('4c21793a-f36f-4479-bcf1-2d76c00a8073', '6f435b28-61e1-4c49-813b-312be2d0ba67', 9.13, 3.55);
INSERT INTO launch_material_requirements (launch_id, material_id, required_quantity, fulfilled_quantity) VALUES ('4c21793a-f36f-4479-bcf1-2d76c00a8073', 'd1cf56c7-365d-4a6f-9bd8-498362577f3b', 2.58, 1.83);
INSERT INTO launch_material_requirements (launch_id, material_id, required_quantity, fulfilled_quantity) VALUES ('4c21793a-f36f-4479-bcf1-2d76c00a8073', '0df9bada-08c6-40f7-b9b5-cdb180d8d473', 3.35, 2.72);
INSERT INTO launch_material_requirements (launch_id, material_id, required_quantity, fulfilled_quantity) VALUES ('4c21793a-f36f-4479-bcf1-2d76c00a8073', '7f72fd26-6122-4441-a40a-822e30a1824d', 1.65, 0.89);
INSERT INTO launch_material_requirements (launch_id, material_id, required_quantity, fulfilled_quantity) VALUES ('4c21793a-f36f-4479-bcf1-2d76c00a8073', '3e6d0778-c67e-43e1-a0a0-e4fc951a23c7', 5.58, 4.97);
INSERT INTO launch_material_requirements (launch_id, material_id, required_quantity, fulfilled_quantity) VALUES ('4c21793a-f36f-4479-bcf1-2d76c00a8073', '0cbd0c8b-82bd-4a50-89b9-fc07de14c0d2', 11.88, 6.77);
INSERT INTO launch_material_requirements (launch_id, material_id, required_quantity, fulfilled_quantity) VALUES ('4c21793a-f36f-4479-bcf1-2d76c00a8073', 'a7cdd333-4599-4e65-ad0f-7a6930dfa5e1', 8.01, 6.5);
INSERT INTO launch_material_requirements (launch_id, material_id, required_quantity, fulfilled_quantity) VALUES ('4c21793a-f36f-4479-bcf1-2d76c00a8073', 'c0d197cb-9bac-465f-8a33-fc525ec532d5', 14.52, 7.81);
INSERT INTO launch_material_requirements (launch_id, material_id, required_quantity, fulfilled_quantity) VALUES ('4c21793a-f36f-4479-bcf1-2d76c00a8073', '55d76cbf-5293-4e57-ac43-210ac6d43d89', 18.79, 8.97);
INSERT INTO launch_material_requirements (launch_id, material_id, required_quantity, fulfilled_quantity) VALUES ('4c21793a-f36f-4479-bcf1-2d76c00a8073', 'a537f967-4605-441b-bac4-90c281d7e504', 2.99, 2.67);
INSERT INTO launch_material_requirements (launch_id, material_id, required_quantity, fulfilled_quantity) VALUES ('4c21793a-f36f-4479-bcf1-2d76c00a8073', '62ebbf75-8249-4ee3-b5eb-4bc0245ba60f', 5.75, 5.34);
INSERT INTO launch_material_requirements (launch_id, material_id, required_quantity, fulfilled_quantity) VALUES ('4c21793a-f36f-4479-bcf1-2d76c00a8073', '8f566dd6-ceec-4c1e-a42e-238f3bed2642', 2.83, 2.45);
INSERT INTO launch_material_requirements (launch_id, material_id, required_quantity, fulfilled_quantity) VALUES ('4c21793a-f36f-4479-bcf1-2d76c00a8073', '2f85d340-ba17-4f3b-930f-526180d8cadd', 6.83, 4.13);
INSERT INTO launch_material_requirements (launch_id, material_id, required_quantity, fulfilled_quantity) VALUES ('4c21793a-f36f-4479-bcf1-2d76c00a8073', 'bbf18af0-d831-4387-a479-b54e4d5fc0ba', 2.45, 1.94);
INSERT INTO launch_material_requirements (launch_id, material_id, required_quantity, fulfilled_quantity) VALUES ('4c21793a-f36f-4479-bcf1-2d76c00a8073', 'c9084421-d75e-42bc-b631-859f07ec6964', 8.38, 6.2);
INSERT INTO launch_material_requirements (launch_id, material_id, required_quantity, fulfilled_quantity) VALUES ('4c21793a-f36f-4479-bcf1-2d76c00a8073', 'ab1cecdc-e94d-4a38-89fb-5548f9f38196', 45.35, 25.32);
INSERT INTO launch_material_requirements (launch_id, material_id, required_quantity, fulfilled_quantity) VALUES ('4c21793a-f36f-4479-bcf1-2d76c00a8073', '155c549a-f5b6-4855-a37a-81a41eb1df4d', 7.07, 4.68);
INSERT INTO launch_material_requirements (launch_id, material_id, required_quantity, fulfilled_quantity) VALUES ('4c21793a-f36f-4479-bcf1-2d76c00a8073', '2f6f8b29-756b-47f7-ad1f-f6f5716d1b5f', 2.54, 1.41);
INSERT INTO launch_material_requirements (launch_id, material_id, required_quantity, fulfilled_quantity) VALUES ('4c21793a-f36f-4479-bcf1-2d76c00a8073', '6882a170-da9a-493a-a8f9-d3a8390f5eec', 2.69, 1.02);
INSERT INTO launch_material_requirements (launch_id, material_id, required_quantity, fulfilled_quantity) VALUES ('4c21793a-f36f-4479-bcf1-2d76c00a8073', '97561058-7ebc-4b42-9924-caa8ddb55341', 4.21, 3.31);
INSERT INTO launch_material_requirements (launch_id, material_id, required_quantity, fulfilled_quantity) VALUES ('4c21793a-f36f-4479-bcf1-2d76c00a8073', '25877442-ee1b-4e3b-9989-c79c12f89e4b', 7.15, 3.92);
INSERT INTO launch_material_requirements (launch_id, material_id, required_quantity, fulfilled_quantity) VALUES ('4c21793a-f36f-4479-bcf1-2d76c00a8073', 'e56e32cc-c62a-4116-aa27-78e7f62226fd', 4.37, 2.37);
INSERT INTO launch_material_requirements (launch_id, material_id, required_quantity, fulfilled_quantity) VALUES ('4c21793a-f36f-4479-bcf1-2d76c00a8073', '9ecae36b-c0a2-4468-9140-c30f839ad4f9', 3.02, 1.83);
INSERT INTO launch_material_requirements (launch_id, material_id, required_quantity, fulfilled_quantity) VALUES ('4c21793a-f36f-4479-bcf1-2d76c00a8073', 'ee50af8d-c745-405d-bb9d-2cdd06c3545c', 5.72, 5.22);
INSERT INTO launch_material_requirements (launch_id, material_id, required_quantity, fulfilled_quantity) VALUES ('4c21793a-f36f-4479-bcf1-2d76c00a8073', '31b59c29-feb0-4bb8-89b2-a0d1bbf41943', 11.9, 8.29);
INSERT INTO launch_material_requirements (launch_id, material_id, required_quantity, fulfilled_quantity) VALUES ('4c21793a-f36f-4479-bcf1-2d76c00a8073', 'ea36e74a-68eb-42c8-9106-e28fbd5fe63f', 29.43, 20.98);
INSERT INTO launch_material_requirements (launch_id, material_id, required_quantity, fulfilled_quantity) VALUES ('4c21793a-f36f-4479-bcf1-2d76c00a8073', 'fb28f607-5be4-45ba-8702-df78eba1987e', 2.39, 1.81);
INSERT INTO launch_material_requirements (launch_id, material_id, required_quantity, fulfilled_quantity) VALUES ('4c21793a-f36f-4479-bcf1-2d76c00a8073', '07cabfc0-07f7-4cf2-9f69-a6358b2cf725', 2.95, 1.11);
INSERT INTO launch_material_requirements (launch_id, material_id, required_quantity, fulfilled_quantity) VALUES ('4c21793a-f36f-4479-bcf1-2d76c00a8073', '07e5afad-fce2-44ad-b22d-648adc8bdc09', 8.52, 2.76);
INSERT INTO launch_material_requirements (launch_id, material_id, required_quantity, fulfilled_quantity) VALUES ('4c21793a-f36f-4479-bcf1-2d76c00a8073', '78d8fa24-d067-4a5d-bb4d-9af90818b7b3', 79.76, 29.95);
INSERT INTO launch_material_requirements (launch_id, material_id, required_quantity, fulfilled_quantity) VALUES ('4c21793a-f36f-4479-bcf1-2d76c00a8073', '6518962f-516d-437b-a82b-ba466559ea20', 42.61, 27.67);
INSERT INTO launch_material_requirements (launch_id, material_id, required_quantity, fulfilled_quantity) VALUES ('4c21793a-f36f-4479-bcf1-2d76c00a8073', '60a55124-23c6-4c15-b081-be9324000d50', 21.66, 11.72);
INSERT INTO launch_material_requirements (launch_id, material_id, required_quantity, fulfilled_quantity) VALUES ('4c21793a-f36f-4479-bcf1-2d76c00a8073', '0f0fd8d5-c1cd-4649-bd95-ddbca31bb25a', 192.41, 144.83);
INSERT INTO launch_material_requirements (launch_id, material_id, required_quantity, fulfilled_quantity) VALUES ('4c21793a-f36f-4479-bcf1-2d76c00a8073', '988de518-33e1-4cd1-8418-bd1917382638', 52.41, 35.73);
INSERT INTO launch_material_requirements (launch_id, material_id, required_quantity, fulfilled_quantity) VALUES ('4c21793a-f36f-4479-bcf1-2d76c00a8073', '2d65446b-c150-439e-92b3-b22600258f1f', 794.95, 695.99);
INSERT INTO launch_material_requirements (launch_id, material_id, required_quantity, fulfilled_quantity) VALUES ('4c21793a-f36f-4479-bcf1-2d76c00a8073', '23695e1d-62b1-4c1b-ab4d-30d8e08fcb0d', 148.24, 124.8);
INSERT INTO launch_material_requirements (launch_id, material_id, required_quantity, fulfilled_quantity) VALUES ('4c21793a-f36f-4479-bcf1-2d76c00a8073', 'ac371004-a3aa-462c-8810-8d86b3d13254', 42.7, 38.87);
INSERT INTO launch_material_requirements (launch_id, material_id, required_quantity, fulfilled_quantity) VALUES ('4c21793a-f36f-4479-bcf1-2d76c00a8073', '346a7196-96be-4cc6-a851-84efe4717b72', 18.39, 13.77);
INSERT INTO launch_material_requirements (launch_id, material_id, required_quantity, fulfilled_quantity) VALUES ('4c21793a-f36f-4479-bcf1-2d76c00a8073', '90bfe302-5a6c-441b-afbf-97d44ebece59', 165.18, 97.3);
INSERT INTO launch_material_requirements (launch_id, material_id, required_quantity, fulfilled_quantity) VALUES ('4c21793a-f36f-4479-bcf1-2d76c00a8073', '464a9a90-1940-4e1b-963c-509d9286db09', 21.35, 11.44);
INSERT INTO launch_material_requirements (launch_id, material_id, required_quantity, fulfilled_quantity) VALUES ('4c21793a-f36f-4479-bcf1-2d76c00a8073', '17614fb7-8bc2-4e62-adaf-8baccaaf4560', 59.14, 31.86);
INSERT INTO launch_material_requirements (launch_id, material_id, required_quantity, fulfilled_quantity) VALUES ('4c21793a-f36f-4479-bcf1-2d76c00a8073', 'e8ae5551-a827-427b-841a-aa79532f9173', 27.79, 19.98);
INSERT INTO launch_material_requirements (launch_id, material_id, required_quantity, fulfilled_quantity) VALUES ('4c21793a-f36f-4479-bcf1-2d76c00a8073', '95a9f2df-545c-4606-99ee-414ddd1e0608', 23.63, 11.33);
INSERT INTO launch_material_requirements (launch_id, material_id, required_quantity, fulfilled_quantity) VALUES ('4c21793a-f36f-4479-bcf1-2d76c00a8073', 'f299b5b8-bc76-40ee-a689-d0dab02b1b66', 39.05, 35.8);
INSERT INTO launch_material_requirements (launch_id, material_id, required_quantity, fulfilled_quantity) VALUES ('4c21793a-f36f-4479-bcf1-2d76c00a8073', 'dff86d03-b285-4138-8128-a226dafb3587', 86.81, 31.22);
INSERT INTO launch_material_requirements (launch_id, material_id, required_quantity, fulfilled_quantity) VALUES ('50bf60e2-9fb7-4de6-83b9-d24db88e801f', '524160da-1ede-43c8-8631-5f662e0db3b9', 40.91, 29.28);
INSERT INTO launch_material_requirements (launch_id, material_id, required_quantity, fulfilled_quantity) VALUES ('50bf60e2-9fb7-4de6-83b9-d24db88e801f', 'd45b644a-4e7e-4314-bbdf-2081e5fe66ae', 58.7, 19.54);
INSERT INTO launch_material_requirements (launch_id, material_id, required_quantity, fulfilled_quantity) VALUES ('50bf60e2-9fb7-4de6-83b9-d24db88e801f', '6a3bdd86-a1ca-4bcf-96ab-4306690aaeaa', 40.01, 37.72);
INSERT INTO launch_material_requirements (launch_id, material_id, required_quantity, fulfilled_quantity) VALUES ('50bf60e2-9fb7-4de6-83b9-d24db88e801f', 'ce899f55-bd7b-44c1-9d88-3e843afdfc55', 42.01, 18.21);
INSERT INTO launch_material_requirements (launch_id, material_id, required_quantity, fulfilled_quantity) VALUES ('50bf60e2-9fb7-4de6-83b9-d24db88e801f', '0aeee190-7837-496f-abee-6d78e300bd62', 174.47, 115.19);
INSERT INTO launch_material_requirements (launch_id, material_id, required_quantity, fulfilled_quantity) VALUES ('50bf60e2-9fb7-4de6-83b9-d24db88e801f', 'b165e338-3704-41c5-bac3-14a0e646c532', 82.77, 68.57);
INSERT INTO launch_material_requirements (launch_id, material_id, required_quantity, fulfilled_quantity) VALUES ('50bf60e2-9fb7-4de6-83b9-d24db88e801f', '4a2bbf7a-84b0-4dba-aa4c-f5a50fc683b8', 16.99, 13.65);
INSERT INTO launch_material_requirements (launch_id, material_id, required_quantity, fulfilled_quantity) VALUES ('50bf60e2-9fb7-4de6-83b9-d24db88e801f', '6e2a866a-97ad-407a-bbd7-c3bbb213c473', 16.83, 11.57);
INSERT INTO launch_material_requirements (launch_id, material_id, required_quantity, fulfilled_quantity) VALUES ('50bf60e2-9fb7-4de6-83b9-d24db88e801f', 'b5d12a1a-82d4-4519-8e69-888d5c06eac6', 4.58, 4.3);
INSERT INTO launch_material_requirements (launch_id, material_id, required_quantity, fulfilled_quantity) VALUES ('50bf60e2-9fb7-4de6-83b9-d24db88e801f', 'e3b2690c-6f75-46be-8dc6-21341f73436b', 29.72, 19.35);
INSERT INTO launch_material_requirements (launch_id, material_id, required_quantity, fulfilled_quantity) VALUES ('50bf60e2-9fb7-4de6-83b9-d24db88e801f', '24989d63-dc25-4bcb-baa2-76beef08dbd5', 339.55, 126.13);
INSERT INTO launch_material_requirements (launch_id, material_id, required_quantity, fulfilled_quantity) VALUES ('50bf60e2-9fb7-4de6-83b9-d24db88e801f', '6506841d-30b9-4976-be7d-19871f018407', 269.95, 104.11);
INSERT INTO launch_material_requirements (launch_id, material_id, required_quantity, fulfilled_quantity) VALUES ('50bf60e2-9fb7-4de6-83b9-d24db88e801f', '16954e47-3c53-4734-918b-56b1f5cadd52', 82.99, 67.43);
INSERT INTO launch_material_requirements (launch_id, material_id, required_quantity, fulfilled_quantity) VALUES ('50bf60e2-9fb7-4de6-83b9-d24db88e801f', '5c9fec17-a445-4f5d-ae17-3d0b0375dcfa', 138.33, 42.92);
INSERT INTO launch_material_requirements (launch_id, material_id, required_quantity, fulfilled_quantity) VALUES ('50bf60e2-9fb7-4de6-83b9-d24db88e801f', '0ebbe2c7-c3f4-4a1f-ad0a-f547b6a7e0b9', 53.88, 20.6);
INSERT INTO launch_material_requirements (launch_id, material_id, required_quantity, fulfilled_quantity) VALUES ('50bf60e2-9fb7-4de6-83b9-d24db88e801f', 'fd893bc1-9eed-4a77-a050-61a576f5f32e', 56.57, 21.15);
INSERT INTO launch_material_requirements (launch_id, material_id, required_quantity, fulfilled_quantity) VALUES ('50bf60e2-9fb7-4de6-83b9-d24db88e801f', '98d957f9-8b91-4684-9d83-f1a3ed5f3ca3', 17.86, 10.56);
INSERT INTO launch_material_requirements (launch_id, material_id, required_quantity, fulfilled_quantity) VALUES ('50bf60e2-9fb7-4de6-83b9-d24db88e801f', 'cd890b86-57e7-4899-a509-e7624125ab74', 41.72, 28.62);
INSERT INTO launch_material_requirements (launch_id, material_id, required_quantity, fulfilled_quantity) VALUES ('50bf60e2-9fb7-4de6-83b9-d24db88e801f', '33afd19b-339d-4d7c-a9a1-ec690f48e439', 9.42, 4.18);
INSERT INTO launch_material_requirements (launch_id, material_id, required_quantity, fulfilled_quantity) VALUES ('50bf60e2-9fb7-4de6-83b9-d24db88e801f', '817928be-2591-41b0-9556-807f47578e04', 17.07, 13.19);
INSERT INTO launch_material_requirements (launch_id, material_id, required_quantity, fulfilled_quantity) VALUES ('50bf60e2-9fb7-4de6-83b9-d24db88e801f', '32f68f3d-66e5-46ca-8640-f398fec6cabf', 149.05, 108.55);
INSERT INTO launch_material_requirements (launch_id, material_id, required_quantity, fulfilled_quantity) VALUES ('50bf60e2-9fb7-4de6-83b9-d24db88e801f', 'a6e0ede3-2164-47b3-8c99-09b1926f24c6', 38.1, 27.36);
INSERT INTO launch_material_requirements (launch_id, material_id, required_quantity, fulfilled_quantity) VALUES ('50bf60e2-9fb7-4de6-83b9-d24db88e801f', 'c0fb27e0-52c3-4161-8114-e186e6a8a18e', 273.36, 259.44);
INSERT INTO launch_material_requirements (launch_id, material_id, required_quantity, fulfilled_quantity) VALUES ('50bf60e2-9fb7-4de6-83b9-d24db88e801f', '5725a7e1-b3cd-452e-87ce-4a085c9a9256', 1770.95, 1021.98);
INSERT INTO launch_material_requirements (launch_id, material_id, required_quantity, fulfilled_quantity) VALUES ('50bf60e2-9fb7-4de6-83b9-d24db88e801f', '2a836c09-1d5a-4e74-baf6-b8b6f1b4a38b', 198.58, 151.53);
INSERT INTO launch_material_requirements (launch_id, material_id, required_quantity, fulfilled_quantity) VALUES ('50bf60e2-9fb7-4de6-83b9-d24db88e801f', '20f8a95e-e41c-400b-89cb-663c97cf1cdd', 233.07, 206.16);
INSERT INTO launch_material_requirements (launch_id, material_id, required_quantity, fulfilled_quantity) VALUES ('50bf60e2-9fb7-4de6-83b9-d24db88e801f', 'c18566cc-c751-4e85-8b17-86da779dd365', 196.63, 77.95);
INSERT INTO launch_material_requirements (launch_id, material_id, required_quantity, fulfilled_quantity) VALUES ('50bf60e2-9fb7-4de6-83b9-d24db88e801f', '8ce27403-e92b-4b3a-b497-401bf3e2cd52', 34.46, 24.32);
INSERT INTO launch_material_requirements (launch_id, material_id, required_quantity, fulfilled_quantity) VALUES ('50bf60e2-9fb7-4de6-83b9-d24db88e801f', 'c6d1736c-86f0-41f3-b98c-d2758ee898dc', 5.51, 4.2);
INSERT INTO launch_material_requirements (launch_id, material_id, required_quantity, fulfilled_quantity) VALUES ('50bf60e2-9fb7-4de6-83b9-d24db88e801f', 'a6920ea0-7ff1-4876-9573-57490bcb01d8', 4.29, 2.95);
INSERT INTO launch_material_requirements (launch_id, material_id, required_quantity, fulfilled_quantity) VALUES ('50bf60e2-9fb7-4de6-83b9-d24db88e801f', 'a418015c-2518-4c2a-b601-d3dc0d8c7d49', 2.83, 1.78);
INSERT INTO launch_material_requirements (launch_id, material_id, required_quantity, fulfilled_quantity) VALUES ('50bf60e2-9fb7-4de6-83b9-d24db88e801f', 'c266bcba-cada-4b24-aa8f-2263caf2ec25', 11.45, 9.34);
INSERT INTO launch_material_requirements (launch_id, material_id, required_quantity, fulfilled_quantity) VALUES ('50bf60e2-9fb7-4de6-83b9-d24db88e801f', '2704b827-3a39-4eb7-9b93-d90703ca3d0e', 2.69, 1.95);
INSERT INTO launch_material_requirements (launch_id, material_id, required_quantity, fulfilled_quantity) VALUES ('50bf60e2-9fb7-4de6-83b9-d24db88e801f', '397c5d35-d33e-4814-88c3-97fcf5908a87', 36.33, 23.92);
INSERT INTO launch_material_requirements (launch_id, material_id, required_quantity, fulfilled_quantity) VALUES ('50bf60e2-9fb7-4de6-83b9-d24db88e801f', '88125954-ef91-4f87-b248-8c7bc520df49', 5.39, 3.12);
INSERT INTO launch_material_requirements (launch_id, material_id, required_quantity, fulfilled_quantity) VALUES ('50bf60e2-9fb7-4de6-83b9-d24db88e801f', 'd2e4550b-935c-4aa7-ad84-05114707af7a', 3.66, 2.08);
INSERT INTO launch_material_requirements (launch_id, material_id, required_quantity, fulfilled_quantity) VALUES ('50bf60e2-9fb7-4de6-83b9-d24db88e801f', 'e3eb19bc-5006-4067-9e83-a3c2ff587314', 8.71, 4.87);
INSERT INTO launch_material_requirements (launch_id, material_id, required_quantity, fulfilled_quantity) VALUES ('50bf60e2-9fb7-4de6-83b9-d24db88e801f', 'ea45353e-9fd0-443d-9942-267ec665c69d', 6.38, 3.21);
INSERT INTO launch_material_requirements (launch_id, material_id, required_quantity, fulfilled_quantity) VALUES ('50bf60e2-9fb7-4de6-83b9-d24db88e801f', '1fc63b5c-2da4-4789-8d10-422789a66231', 2.91, 1.36);
INSERT INTO launch_material_requirements (launch_id, material_id, required_quantity, fulfilled_quantity) VALUES ('50bf60e2-9fb7-4de6-83b9-d24db88e801f', '871b5201-ec01-4b0e-ad16-79cf071eb9a5', 7.72, 5.76);
INSERT INTO launch_material_requirements (launch_id, material_id, required_quantity, fulfilled_quantity) VALUES ('50bf60e2-9fb7-4de6-83b9-d24db88e801f', '847b87e9-c6c3-4605-b916-9de4e885f0b5', 7.27, 2.61);
INSERT INTO launch_material_requirements (launch_id, material_id, required_quantity, fulfilled_quantity) VALUES ('50bf60e2-9fb7-4de6-83b9-d24db88e801f', 'c21a1ada-d4ee-4636-8651-941793f11052', 2.51, 1.46);
INSERT INTO launch_material_requirements (launch_id, material_id, required_quantity, fulfilled_quantity) VALUES ('50bf60e2-9fb7-4de6-83b9-d24db88e801f', 'a4098739-5ccd-477a-8efd-2fae9e91199d', 4.85, 2.63);
INSERT INTO launch_material_requirements (launch_id, material_id, required_quantity, fulfilled_quantity) VALUES ('50bf60e2-9fb7-4de6-83b9-d24db88e801f', 'fc06e5f7-30bc-4407-ba1c-346380729d0d', 2.78, 0.94);
INSERT INTO launch_material_requirements (launch_id, material_id, required_quantity, fulfilled_quantity) VALUES ('50bf60e2-9fb7-4de6-83b9-d24db88e801f', '1ced20f0-ba79-49ad-b564-f6edcf0ce425', 58.05, 38.61);
INSERT INTO launch_material_requirements (launch_id, material_id, required_quantity, fulfilled_quantity) VALUES ('50bf60e2-9fb7-4de6-83b9-d24db88e801f', '3c51b11c-c4ca-4868-8b04-64762a832178', 75.25, 42.67);
INSERT INTO launch_material_requirements (launch_id, material_id, required_quantity, fulfilled_quantity) VALUES ('50bf60e2-9fb7-4de6-83b9-d24db88e801f', '545ca2a1-fecc-4ea1-a2d0-941c9e5b533c', 45.26, 41.27);
INSERT INTO launch_material_requirements (launch_id, material_id, required_quantity, fulfilled_quantity) VALUES ('50bf60e2-9fb7-4de6-83b9-d24db88e801f', 'd8080836-a468-4b62-a489-33f897d41490', 22.69, 20.31);
INSERT INTO launch_material_requirements (launch_id, material_id, required_quantity, fulfilled_quantity) VALUES ('50bf60e2-9fb7-4de6-83b9-d24db88e801f', '558662a6-ab1c-40f7-91b0-11211bcb576f', 3.46, 1.68);
INSERT INTO launch_material_requirements (launch_id, material_id, required_quantity, fulfilled_quantity) VALUES ('50bf60e2-9fb7-4de6-83b9-d24db88e801f', 'a4493236-13c1-4ade-867f-79c455a5578f', 9.69, 3.56);
INSERT INTO launch_material_requirements (launch_id, material_id, required_quantity, fulfilled_quantity) VALUES ('50bf60e2-9fb7-4de6-83b9-d24db88e801f', 'd655d2ce-716b-4197-9289-a1a4a6842cab', 2.52, 1.01);
INSERT INTO launch_material_requirements (launch_id, material_id, required_quantity, fulfilled_quantity) VALUES ('50bf60e2-9fb7-4de6-83b9-d24db88e801f', '7403c144-1b40-4dcd-bd78-50d887f4cd3e', 2.45, 2.08);
INSERT INTO launch_material_requirements (launch_id, material_id, required_quantity, fulfilled_quantity) VALUES ('50bf60e2-9fb7-4de6-83b9-d24db88e801f', '55eabc70-16ad-4bc5-ae63-44649377f285', 2.05, 1.36);
INSERT INTO launch_material_requirements (launch_id, material_id, required_quantity, fulfilled_quantity) VALUES ('50bf60e2-9fb7-4de6-83b9-d24db88e801f', '6a90fdd6-7736-4cbe-a885-f2973f8abc09', 2.69, 1.29);
INSERT INTO launch_material_requirements (launch_id, material_id, required_quantity, fulfilled_quantity) VALUES ('50bf60e2-9fb7-4de6-83b9-d24db88e801f', '6ca0c168-055d-4f26-8365-45b9f54cb2ae', 16.78, 9.71);
INSERT INTO launch_material_requirements (launch_id, material_id, required_quantity, fulfilled_quantity) VALUES ('50bf60e2-9fb7-4de6-83b9-d24db88e801f', '9312d9b6-b7c9-4812-946a-8689ac421a66', 5.37, 4.29);
INSERT INTO launch_material_requirements (launch_id, material_id, required_quantity, fulfilled_quantity) VALUES ('50bf60e2-9fb7-4de6-83b9-d24db88e801f', '252cf6dd-e1f9-465b-9278-bc67bc937713', 11.46, 8.47);
INSERT INTO launch_material_requirements (launch_id, material_id, required_quantity, fulfilled_quantity) VALUES ('50bf60e2-9fb7-4de6-83b9-d24db88e801f', '6f435b28-61e1-4c49-813b-312be2d0ba67', 8.01, 5.57);
INSERT INTO launch_material_requirements (launch_id, material_id, required_quantity, fulfilled_quantity) VALUES ('50bf60e2-9fb7-4de6-83b9-d24db88e801f', 'd1cf56c7-365d-4a6f-9bd8-498362577f3b', 5.95, 4.47);
INSERT INTO launch_material_requirements (launch_id, material_id, required_quantity, fulfilled_quantity) VALUES ('50bf60e2-9fb7-4de6-83b9-d24db88e801f', '0df9bada-08c6-40f7-b9b5-cdb180d8d473', 3.26, 1.56);
INSERT INTO launch_material_requirements (launch_id, material_id, required_quantity, fulfilled_quantity) VALUES ('50bf60e2-9fb7-4de6-83b9-d24db88e801f', '7f72fd26-6122-4441-a40a-822e30a1824d', 4.93, 4.43);
INSERT INTO launch_material_requirements (launch_id, material_id, required_quantity, fulfilled_quantity) VALUES ('50bf60e2-9fb7-4de6-83b9-d24db88e801f', '3e6d0778-c67e-43e1-a0a0-e4fc951a23c7', 8.21, 3.43);
INSERT INTO launch_material_requirements (launch_id, material_id, required_quantity, fulfilled_quantity) VALUES ('50bf60e2-9fb7-4de6-83b9-d24db88e801f', '0cbd0c8b-82bd-4a50-89b9-fc07de14c0d2', 8.58, 6.24);
INSERT INTO launch_material_requirements (launch_id, material_id, required_quantity, fulfilled_quantity) VALUES ('50bf60e2-9fb7-4de6-83b9-d24db88e801f', 'a7cdd333-4599-4e65-ad0f-7a6930dfa5e1', 6.04, 4.72);
INSERT INTO launch_material_requirements (launch_id, material_id, required_quantity, fulfilled_quantity) VALUES ('50bf60e2-9fb7-4de6-83b9-d24db88e801f', 'c0d197cb-9bac-465f-8a33-fc525ec532d5', 15.66, 5.63);
INSERT INTO launch_material_requirements (launch_id, material_id, required_quantity, fulfilled_quantity) VALUES ('50bf60e2-9fb7-4de6-83b9-d24db88e801f', '55d76cbf-5293-4e57-ac43-210ac6d43d89', 19.44, 10.59);
INSERT INTO launch_material_requirements (launch_id, material_id, required_quantity, fulfilled_quantity) VALUES ('50bf60e2-9fb7-4de6-83b9-d24db88e801f', 'a537f967-4605-441b-bac4-90c281d7e504', 4.72, 1.9);
INSERT INTO launch_material_requirements (launch_id, material_id, required_quantity, fulfilled_quantity) VALUES ('50bf60e2-9fb7-4de6-83b9-d24db88e801f', '62ebbf75-8249-4ee3-b5eb-4bc0245ba60f', 2.9, 1.48);
INSERT INTO launch_material_requirements (launch_id, material_id, required_quantity, fulfilled_quantity) VALUES ('50bf60e2-9fb7-4de6-83b9-d24db88e801f', '8f566dd6-ceec-4c1e-a42e-238f3bed2642', 5.74, 3.95);
INSERT INTO launch_material_requirements (launch_id, material_id, required_quantity, fulfilled_quantity) VALUES ('50bf60e2-9fb7-4de6-83b9-d24db88e801f', '2f85d340-ba17-4f3b-930f-526180d8cadd', 7.3, 2.93);
INSERT INTO launch_material_requirements (launch_id, material_id, required_quantity, fulfilled_quantity) VALUES ('50bf60e2-9fb7-4de6-83b9-d24db88e801f', 'bbf18af0-d831-4387-a479-b54e4d5fc0ba', 6.53, 2.17);
INSERT INTO launch_material_requirements (launch_id, material_id, required_quantity, fulfilled_quantity) VALUES ('50bf60e2-9fb7-4de6-83b9-d24db88e801f', 'c9084421-d75e-42bc-b631-859f07ec6964', 6.22, 3.66);
INSERT INTO launch_material_requirements (launch_id, material_id, required_quantity, fulfilled_quantity) VALUES ('50bf60e2-9fb7-4de6-83b9-d24db88e801f', 'ab1cecdc-e94d-4a38-89fb-5548f9f38196', 34.08, 23.67);
INSERT INTO launch_material_requirements (launch_id, material_id, required_quantity, fulfilled_quantity) VALUES ('50bf60e2-9fb7-4de6-83b9-d24db88e801f', '155c549a-f5b6-4855-a37a-81a41eb1df4d', 4.49, 1.98);
INSERT INTO launch_material_requirements (launch_id, material_id, required_quantity, fulfilled_quantity) VALUES ('50bf60e2-9fb7-4de6-83b9-d24db88e801f', '2f6f8b29-756b-47f7-ad1f-f6f5716d1b5f', 5.07, 2.66);
INSERT INTO launch_material_requirements (launch_id, material_id, required_quantity, fulfilled_quantity) VALUES ('50bf60e2-9fb7-4de6-83b9-d24db88e801f', '6882a170-da9a-493a-a8f9-d3a8390f5eec', 2.0, 1.48);
INSERT INTO launch_material_requirements (launch_id, material_id, required_quantity, fulfilled_quantity) VALUES ('50bf60e2-9fb7-4de6-83b9-d24db88e801f', '97561058-7ebc-4b42-9924-caa8ddb55341', 5.56, 3.57);
INSERT INTO launch_material_requirements (launch_id, material_id, required_quantity, fulfilled_quantity) VALUES ('50bf60e2-9fb7-4de6-83b9-d24db88e801f', '25877442-ee1b-4e3b-9989-c79c12f89e4b', 7.7, 3.41);
INSERT INTO launch_material_requirements (launch_id, material_id, required_quantity, fulfilled_quantity) VALUES ('50bf60e2-9fb7-4de6-83b9-d24db88e801f', 'e56e32cc-c62a-4116-aa27-78e7f62226fd', 5.93, 1.99);
INSERT INTO launch_material_requirements (launch_id, material_id, required_quantity, fulfilled_quantity) VALUES ('50bf60e2-9fb7-4de6-83b9-d24db88e801f', '9ecae36b-c0a2-4468-9140-c30f839ad4f9', 1.61, 1.47);
INSERT INTO launch_material_requirements (launch_id, material_id, required_quantity, fulfilled_quantity) VALUES ('50bf60e2-9fb7-4de6-83b9-d24db88e801f', 'ee50af8d-c745-405d-bb9d-2cdd06c3545c', 6.6, 5.26);
INSERT INTO launch_material_requirements (launch_id, material_id, required_quantity, fulfilled_quantity) VALUES ('50bf60e2-9fb7-4de6-83b9-d24db88e801f', '31b59c29-feb0-4bb8-89b2-a0d1bbf41943', 11.21, 4.24);
INSERT INTO launch_material_requirements (launch_id, material_id, required_quantity, fulfilled_quantity) VALUES ('50bf60e2-9fb7-4de6-83b9-d24db88e801f', 'ea36e74a-68eb-42c8-9106-e28fbd5fe63f', 24.92, 14.45);
INSERT INTO launch_material_requirements (launch_id, material_id, required_quantity, fulfilled_quantity) VALUES ('50bf60e2-9fb7-4de6-83b9-d24db88e801f', 'fb28f607-5be4-45ba-8702-df78eba1987e', 1.39, 0.9);
INSERT INTO launch_material_requirements (launch_id, material_id, required_quantity, fulfilled_quantity) VALUES ('50bf60e2-9fb7-4de6-83b9-d24db88e801f', '07cabfc0-07f7-4cf2-9f69-a6358b2cf725', 1.69, 1.12);
INSERT INTO launch_material_requirements (launch_id, material_id, required_quantity, fulfilled_quantity) VALUES ('50bf60e2-9fb7-4de6-83b9-d24db88e801f', '07e5afad-fce2-44ad-b22d-648adc8bdc09', 22.53, 11.95);
INSERT INTO launch_material_requirements (launch_id, material_id, required_quantity, fulfilled_quantity) VALUES ('50bf60e2-9fb7-4de6-83b9-d24db88e801f', '78d8fa24-d067-4a5d-bb4d-9af90818b7b3', 43.82, 34.28);
INSERT INTO launch_material_requirements (launch_id, material_id, required_quantity, fulfilled_quantity) VALUES ('50bf60e2-9fb7-4de6-83b9-d24db88e801f', '6518962f-516d-437b-a82b-ba466559ea20', 57.72, 34.57);
INSERT INTO launch_material_requirements (launch_id, material_id, required_quantity, fulfilled_quantity) VALUES ('50bf60e2-9fb7-4de6-83b9-d24db88e801f', '60a55124-23c6-4c15-b081-be9324000d50', 12.34, 6.21);
INSERT INTO launch_material_requirements (launch_id, material_id, required_quantity, fulfilled_quantity) VALUES ('50bf60e2-9fb7-4de6-83b9-d24db88e801f', '0f0fd8d5-c1cd-4649-bd95-ddbca31bb25a', 114.39, 64.39);
INSERT INTO launch_material_requirements (launch_id, material_id, required_quantity, fulfilled_quantity) VALUES ('50bf60e2-9fb7-4de6-83b9-d24db88e801f', '988de518-33e1-4cd1-8418-bd1917382638', 58.41, 28.51);
INSERT INTO launch_material_requirements (launch_id, material_id, required_quantity, fulfilled_quantity) VALUES ('50bf60e2-9fb7-4de6-83b9-d24db88e801f', '2d65446b-c150-439e-92b3-b22600258f1f', 553.77, 513.92);
INSERT INTO launch_material_requirements (launch_id, material_id, required_quantity, fulfilled_quantity) VALUES ('50bf60e2-9fb7-4de6-83b9-d24db88e801f', '23695e1d-62b1-4c1b-ab4d-30d8e08fcb0d', 75.78, 69.41);
INSERT INTO launch_material_requirements (launch_id, material_id, required_quantity, fulfilled_quantity) VALUES ('50bf60e2-9fb7-4de6-83b9-d24db88e801f', 'ac371004-a3aa-462c-8810-8d86b3d13254', 35.7, 26.71);
INSERT INTO launch_material_requirements (launch_id, material_id, required_quantity, fulfilled_quantity) VALUES ('50bf60e2-9fb7-4de6-83b9-d24db88e801f', '346a7196-96be-4cc6-a851-84efe4717b72', 20.86, 12.18);
INSERT INTO launch_material_requirements (launch_id, material_id, required_quantity, fulfilled_quantity) VALUES ('50bf60e2-9fb7-4de6-83b9-d24db88e801f', '90bfe302-5a6c-441b-afbf-97d44ebece59', 131.76, 76.84);
INSERT INTO launch_material_requirements (launch_id, material_id, required_quantity, fulfilled_quantity) VALUES ('50bf60e2-9fb7-4de6-83b9-d24db88e801f', '464a9a90-1940-4e1b-963c-509d9286db09', 27.52, 9.66);
INSERT INTO launch_material_requirements (launch_id, material_id, required_quantity, fulfilled_quantity) VALUES ('50bf60e2-9fb7-4de6-83b9-d24db88e801f', '17614fb7-8bc2-4e62-adaf-8baccaaf4560', 54.17, 42.51);
INSERT INTO launch_material_requirements (launch_id, material_id, required_quantity, fulfilled_quantity) VALUES ('50bf60e2-9fb7-4de6-83b9-d24db88e801f', 'e8ae5551-a827-427b-841a-aa79532f9173', 12.49, 10.07);
INSERT INTO launch_material_requirements (launch_id, material_id, required_quantity, fulfilled_quantity) VALUES ('50bf60e2-9fb7-4de6-83b9-d24db88e801f', '95a9f2df-545c-4606-99ee-414ddd1e0608', 24.58, 17.49);
INSERT INTO launch_material_requirements (launch_id, material_id, required_quantity, fulfilled_quantity) VALUES ('50bf60e2-9fb7-4de6-83b9-d24db88e801f', 'f299b5b8-bc76-40ee-a689-d0dab02b1b66', 25.92, 11.04);
INSERT INTO launch_material_requirements (launch_id, material_id, required_quantity, fulfilled_quantity) VALUES ('50bf60e2-9fb7-4de6-83b9-d24db88e801f', 'dff86d03-b285-4138-8128-a226dafb3587', 83.22, 43.96);
INSERT INTO launch_material_requirements (launch_id, material_id, required_quantity, fulfilled_quantity) VALUES ('6723c127-564c-4007-8ffc-535cf46713ac', '524160da-1ede-43c8-8631-5f662e0db3b9', 96.87, 69.7);
INSERT INTO launch_material_requirements (launch_id, material_id, required_quantity, fulfilled_quantity) VALUES ('6723c127-564c-4007-8ffc-535cf46713ac', 'd45b644a-4e7e-4314-bbdf-2081e5fe66ae', 21.65, 7.94);
INSERT INTO launch_material_requirements (launch_id, material_id, required_quantity, fulfilled_quantity) VALUES ('6723c127-564c-4007-8ffc-535cf46713ac', '6a3bdd86-a1ca-4bcf-96ab-4306690aaeaa', 35.36, 14.6);
INSERT INTO launch_material_requirements (launch_id, material_id, required_quantity, fulfilled_quantity) VALUES ('6723c127-564c-4007-8ffc-535cf46713ac', 'ce899f55-bd7b-44c1-9d88-3e843afdfc55', 18.23, 14.46);
INSERT INTO launch_material_requirements (launch_id, material_id, required_quantity, fulfilled_quantity) VALUES ('6723c127-564c-4007-8ffc-535cf46713ac', '0aeee190-7837-496f-abee-6d78e300bd62', 61.3, 56.29);
INSERT INTO launch_material_requirements (launch_id, material_id, required_quantity, fulfilled_quantity) VALUES ('6723c127-564c-4007-8ffc-535cf46713ac', 'b165e338-3704-41c5-bac3-14a0e646c532', 86.52, 52.05);
INSERT INTO launch_material_requirements (launch_id, material_id, required_quantity, fulfilled_quantity) VALUES ('6723c127-564c-4007-8ffc-535cf46713ac', '4a2bbf7a-84b0-4dba-aa4c-f5a50fc683b8', 26.91, 18.21);
INSERT INTO launch_material_requirements (launch_id, material_id, required_quantity, fulfilled_quantity) VALUES ('6723c127-564c-4007-8ffc-535cf46713ac', '6e2a866a-97ad-407a-bbd7-c3bbb213c473', 15.22, 13.29);
INSERT INTO launch_material_requirements (launch_id, material_id, required_quantity, fulfilled_quantity) VALUES ('6723c127-564c-4007-8ffc-535cf46713ac', 'b5d12a1a-82d4-4519-8e69-888d5c06eac6', 7.32, 6.89);
INSERT INTO launch_material_requirements (launch_id, material_id, required_quantity, fulfilled_quantity) VALUES ('6723c127-564c-4007-8ffc-535cf46713ac', 'e3b2690c-6f75-46be-8dc6-21341f73436b', 14.77, 13.75);
INSERT INTO launch_material_requirements (launch_id, material_id, required_quantity, fulfilled_quantity) VALUES ('6723c127-564c-4007-8ffc-535cf46713ac', '24989d63-dc25-4bcb-baa2-76beef08dbd5', 194.84, 114.15);
INSERT INTO launch_material_requirements (launch_id, material_id, required_quantity, fulfilled_quantity) VALUES ('6723c127-564c-4007-8ffc-535cf46713ac', '6506841d-30b9-4976-be7d-19871f018407', 180.51, 128.23);
INSERT INTO launch_material_requirements (launch_id, material_id, required_quantity, fulfilled_quantity) VALUES ('6723c127-564c-4007-8ffc-535cf46713ac', '16954e47-3c53-4734-918b-56b1f5cadd52', 135.56, 92.78);
INSERT INTO launch_material_requirements (launch_id, material_id, required_quantity, fulfilled_quantity) VALUES ('6723c127-564c-4007-8ffc-535cf46713ac', '5c9fec17-a445-4f5d-ae17-3d0b0375dcfa', 102.79, 35.79);
INSERT INTO launch_material_requirements (launch_id, material_id, required_quantity, fulfilled_quantity) VALUES ('6723c127-564c-4007-8ffc-535cf46713ac', '0ebbe2c7-c3f4-4a1f-ad0a-f547b6a7e0b9', 71.56, 23.22);
INSERT INTO launch_material_requirements (launch_id, material_id, required_quantity, fulfilled_quantity) VALUES ('6723c127-564c-4007-8ffc-535cf46713ac', 'fd893bc1-9eed-4a77-a050-61a576f5f32e', 52.66, 25.62);
INSERT INTO launch_material_requirements (launch_id, material_id, required_quantity, fulfilled_quantity) VALUES ('6723c127-564c-4007-8ffc-535cf46713ac', '98d957f9-8b91-4684-9d83-f1a3ed5f3ca3', 44.01, 41.16);
INSERT INTO launch_material_requirements (launch_id, material_id, required_quantity, fulfilled_quantity) VALUES ('6723c127-564c-4007-8ffc-535cf46713ac', 'cd890b86-57e7-4899-a509-e7624125ab74', 25.42, 17.44);
INSERT INTO launch_material_requirements (launch_id, material_id, required_quantity, fulfilled_quantity) VALUES ('6723c127-564c-4007-8ffc-535cf46713ac', '33afd19b-339d-4d7c-a9a1-ec690f48e439', 8.61, 5.83);
INSERT INTO launch_material_requirements (launch_id, material_id, required_quantity, fulfilled_quantity) VALUES ('6723c127-564c-4007-8ffc-535cf46713ac', '817928be-2591-41b0-9556-807f47578e04', 23.18, 18.09);
INSERT INTO launch_material_requirements (launch_id, material_id, required_quantity, fulfilled_quantity) VALUES ('6723c127-564c-4007-8ffc-535cf46713ac', '32f68f3d-66e5-46ca-8640-f398fec6cabf', 44.92, 40.02);
INSERT INTO launch_material_requirements (launch_id, material_id, required_quantity, fulfilled_quantity) VALUES ('6723c127-564c-4007-8ffc-535cf46713ac', 'a6e0ede3-2164-47b3-8c99-09b1926f24c6', 54.3, 22.93);
INSERT INTO launch_material_requirements (launch_id, material_id, required_quantity, fulfilled_quantity) VALUES ('6723c127-564c-4007-8ffc-535cf46713ac', 'c0fb27e0-52c3-4161-8114-e186e6a8a18e', 703.75, 440.47);
INSERT INTO launch_material_requirements (launch_id, material_id, required_quantity, fulfilled_quantity) VALUES ('6723c127-564c-4007-8ffc-535cf46713ac', '5725a7e1-b3cd-452e-87ce-4a085c9a9256', 1936.58, 1148.08);
INSERT INTO launch_material_requirements (launch_id, material_id, required_quantity, fulfilled_quantity) VALUES ('6723c127-564c-4007-8ffc-535cf46713ac', '2a836c09-1d5a-4e74-baf6-b8b6f1b4a38b', 514.94, 434.76);
INSERT INTO launch_material_requirements (launch_id, material_id, required_quantity, fulfilled_quantity) VALUES ('6723c127-564c-4007-8ffc-535cf46713ac', '20f8a95e-e41c-400b-89cb-663c97cf1cdd', 394.72, 140.05);
INSERT INTO launch_material_requirements (launch_id, material_id, required_quantity, fulfilled_quantity) VALUES ('6723c127-564c-4007-8ffc-535cf46713ac', 'c18566cc-c751-4e85-8b17-86da779dd365', 293.84, 95.63);
INSERT INTO launch_material_requirements (launch_id, material_id, required_quantity, fulfilled_quantity) VALUES ('6723c127-564c-4007-8ffc-535cf46713ac', '8ce27403-e92b-4b3a-b497-401bf3e2cd52', 78.07, 73.71);
INSERT INTO launch_material_requirements (launch_id, material_id, required_quantity, fulfilled_quantity) VALUES ('6723c127-564c-4007-8ffc-535cf46713ac', 'c6d1736c-86f0-41f3-b98c-d2758ee898dc', 5.14, 3.58);
INSERT INTO launch_material_requirements (launch_id, material_id, required_quantity, fulfilled_quantity) VALUES ('6723c127-564c-4007-8ffc-535cf46713ac', 'a6920ea0-7ff1-4876-9573-57490bcb01d8', 4.18, 3.75);
INSERT INTO launch_material_requirements (launch_id, material_id, required_quantity, fulfilled_quantity) VALUES ('6723c127-564c-4007-8ffc-535cf46713ac', 'a418015c-2518-4c2a-b601-d3dc0d8c7d49', 3.24, 2.6);
INSERT INTO launch_material_requirements (launch_id, material_id, required_quantity, fulfilled_quantity) VALUES ('6723c127-564c-4007-8ffc-535cf46713ac', 'c266bcba-cada-4b24-aa8f-2263caf2ec25', 15.18, 5.07);
INSERT INTO launch_material_requirements (launch_id, material_id, required_quantity, fulfilled_quantity) VALUES ('6723c127-564c-4007-8ffc-535cf46713ac', '2704b827-3a39-4eb7-9b93-d90703ca3d0e', 5.79, 3.0);
INSERT INTO launch_material_requirements (launch_id, material_id, required_quantity, fulfilled_quantity) VALUES ('6723c127-564c-4007-8ffc-535cf46713ac', '397c5d35-d33e-4814-88c3-97fcf5908a87', 19.89, 13.18);
INSERT INTO launch_material_requirements (launch_id, material_id, required_quantity, fulfilled_quantity) VALUES ('6723c127-564c-4007-8ffc-535cf46713ac', '88125954-ef91-4f87-b248-8c7bc520df49', 3.24, 1.5);
INSERT INTO launch_material_requirements (launch_id, material_id, required_quantity, fulfilled_quantity) VALUES ('6723c127-564c-4007-8ffc-535cf46713ac', 'd2e4550b-935c-4aa7-ad84-05114707af7a', 3.55, 3.29);
INSERT INTO launch_material_requirements (launch_id, material_id, required_quantity, fulfilled_quantity) VALUES ('6723c127-564c-4007-8ffc-535cf46713ac', 'e3eb19bc-5006-4067-9e83-a3c2ff587314', 7.02, 2.79);
INSERT INTO launch_material_requirements (launch_id, material_id, required_quantity, fulfilled_quantity) VALUES ('6723c127-564c-4007-8ffc-535cf46713ac', 'ea45353e-9fd0-443d-9942-267ec665c69d', 2.49, 1.82);
INSERT INTO launch_material_requirements (launch_id, material_id, required_quantity, fulfilled_quantity) VALUES ('6723c127-564c-4007-8ffc-535cf46713ac', '1fc63b5c-2da4-4789-8d10-422789a66231', 5.63, 2.82);
INSERT INTO launch_material_requirements (launch_id, material_id, required_quantity, fulfilled_quantity) VALUES ('6723c127-564c-4007-8ffc-535cf46713ac', '871b5201-ec01-4b0e-ad16-79cf071eb9a5', 5.94, 4.34);
INSERT INTO launch_material_requirements (launch_id, material_id, required_quantity, fulfilled_quantity) VALUES ('6723c127-564c-4007-8ffc-535cf46713ac', '847b87e9-c6c3-4605-b916-9de4e885f0b5', 4.16, 3.16);
INSERT INTO launch_material_requirements (launch_id, material_id, required_quantity, fulfilled_quantity) VALUES ('6723c127-564c-4007-8ffc-535cf46713ac', 'c21a1ada-d4ee-4636-8651-941793f11052', 2.51, 1.66);
INSERT INTO launch_material_requirements (launch_id, material_id, required_quantity, fulfilled_quantity) VALUES ('6723c127-564c-4007-8ffc-535cf46713ac', 'a4098739-5ccd-477a-8efd-2fae9e91199d', 4.4, 2.26);
INSERT INTO launch_material_requirements (launch_id, material_id, required_quantity, fulfilled_quantity) VALUES ('6723c127-564c-4007-8ffc-535cf46713ac', 'fc06e5f7-30bc-4407-ba1c-346380729d0d', 2.77, 2.1);
INSERT INTO launch_material_requirements (launch_id, material_id, required_quantity, fulfilled_quantity) VALUES ('6723c127-564c-4007-8ffc-535cf46713ac', '1ced20f0-ba79-49ad-b564-f6edcf0ce425', 57.62, 54.63);
INSERT INTO launch_material_requirements (launch_id, material_id, required_quantity, fulfilled_quantity) VALUES ('6723c127-564c-4007-8ffc-535cf46713ac', '3c51b11c-c4ca-4868-8b04-64762a832178', 93.43, 33.7);
INSERT INTO launch_material_requirements (launch_id, material_id, required_quantity, fulfilled_quantity) VALUES ('6723c127-564c-4007-8ffc-535cf46713ac', '545ca2a1-fecc-4ea1-a2d0-941c9e5b533c', 37.64, 23.73);
INSERT INTO launch_material_requirements (launch_id, material_id, required_quantity, fulfilled_quantity) VALUES ('6723c127-564c-4007-8ffc-535cf46713ac', 'd8080836-a468-4b62-a489-33f897d41490', 10.55, 5.28);
INSERT INTO launch_material_requirements (launch_id, material_id, required_quantity, fulfilled_quantity) VALUES ('6723c127-564c-4007-8ffc-535cf46713ac', '558662a6-ab1c-40f7-91b0-11211bcb576f', 11.56, 6.04);
INSERT INTO launch_material_requirements (launch_id, material_id, required_quantity, fulfilled_quantity) VALUES ('6723c127-564c-4007-8ffc-535cf46713ac', 'a4493236-13c1-4ade-867f-79c455a5578f', 16.49, 7.01);
INSERT INTO launch_material_requirements (launch_id, material_id, required_quantity, fulfilled_quantity) VALUES ('6723c127-564c-4007-8ffc-535cf46713ac', 'd655d2ce-716b-4197-9289-a1a4a6842cab', 4.0, 1.6);
INSERT INTO launch_material_requirements (launch_id, material_id, required_quantity, fulfilled_quantity) VALUES ('6723c127-564c-4007-8ffc-535cf46713ac', '7403c144-1b40-4dcd-bd78-50d887f4cd3e', 1.89, 1.54);
INSERT INTO launch_material_requirements (launch_id, material_id, required_quantity, fulfilled_quantity) VALUES ('6723c127-564c-4007-8ffc-535cf46713ac', '55eabc70-16ad-4bc5-ae63-44649377f285', 2.52, 1.64);
INSERT INTO launch_material_requirements (launch_id, material_id, required_quantity, fulfilled_quantity) VALUES ('6723c127-564c-4007-8ffc-535cf46713ac', '6a90fdd6-7736-4cbe-a885-f2973f8abc09', 6.43, 4.13);
INSERT INTO launch_material_requirements (launch_id, material_id, required_quantity, fulfilled_quantity) VALUES ('6723c127-564c-4007-8ffc-535cf46713ac', '6ca0c168-055d-4f26-8365-45b9f54cb2ae', 29.86, 25.97);
INSERT INTO launch_material_requirements (launch_id, material_id, required_quantity, fulfilled_quantity) VALUES ('6723c127-564c-4007-8ffc-535cf46713ac', '9312d9b6-b7c9-4812-946a-8689ac421a66', 5.71, 3.93);
INSERT INTO launch_material_requirements (launch_id, material_id, required_quantity, fulfilled_quantity) VALUES ('6723c127-564c-4007-8ffc-535cf46713ac', '252cf6dd-e1f9-465b-9278-bc67bc937713', 5.85, 2.44);
INSERT INTO launch_material_requirements (launch_id, material_id, required_quantity, fulfilled_quantity) VALUES ('6723c127-564c-4007-8ffc-535cf46713ac', '6f435b28-61e1-4c49-813b-312be2d0ba67', 9.24, 6.52);
INSERT INTO launch_material_requirements (launch_id, material_id, required_quantity, fulfilled_quantity) VALUES ('6723c127-564c-4007-8ffc-535cf46713ac', 'd1cf56c7-365d-4a6f-9bd8-498362577f3b', 7.42, 5.7);
INSERT INTO launch_material_requirements (launch_id, material_id, required_quantity, fulfilled_quantity) VALUES ('6723c127-564c-4007-8ffc-535cf46713ac', '0df9bada-08c6-40f7-b9b5-cdb180d8d473', 3.39, 1.82);
INSERT INTO launch_material_requirements (launch_id, material_id, required_quantity, fulfilled_quantity) VALUES ('6723c127-564c-4007-8ffc-535cf46713ac', '7f72fd26-6122-4441-a40a-822e30a1824d', 4.74, 4.41);
INSERT INTO launch_material_requirements (launch_id, material_id, required_quantity, fulfilled_quantity) VALUES ('6723c127-564c-4007-8ffc-535cf46713ac', '3e6d0778-c67e-43e1-a0a0-e4fc951a23c7', 11.33, 8.94);
INSERT INTO launch_material_requirements (launch_id, material_id, required_quantity, fulfilled_quantity) VALUES ('6723c127-564c-4007-8ffc-535cf46713ac', '0cbd0c8b-82bd-4a50-89b9-fc07de14c0d2', 20.11, 9.09);
INSERT INTO launch_material_requirements (launch_id, material_id, required_quantity, fulfilled_quantity) VALUES ('6723c127-564c-4007-8ffc-535cf46713ac', 'a7cdd333-4599-4e65-ad0f-7a6930dfa5e1', 8.59, 7.97);
INSERT INTO launch_material_requirements (launch_id, material_id, required_quantity, fulfilled_quantity) VALUES ('6723c127-564c-4007-8ffc-535cf46713ac', 'c0d197cb-9bac-465f-8a33-fc525ec532d5', 13.41, 11.9);
INSERT INTO launch_material_requirements (launch_id, material_id, required_quantity, fulfilled_quantity) VALUES ('6723c127-564c-4007-8ffc-535cf46713ac', '55d76cbf-5293-4e57-ac43-210ac6d43d89', 11.87, 8.79);
INSERT INTO launch_material_requirements (launch_id, material_id, required_quantity, fulfilled_quantity) VALUES ('6723c127-564c-4007-8ffc-535cf46713ac', 'a537f967-4605-441b-bac4-90c281d7e504', 5.42, 3.18);
INSERT INTO launch_material_requirements (launch_id, material_id, required_quantity, fulfilled_quantity) VALUES ('6723c127-564c-4007-8ffc-535cf46713ac', '62ebbf75-8249-4ee3-b5eb-4bc0245ba60f', 4.96, 4.0);
INSERT INTO launch_material_requirements (launch_id, material_id, required_quantity, fulfilled_quantity) VALUES ('6723c127-564c-4007-8ffc-535cf46713ac', '8f566dd6-ceec-4c1e-a42e-238f3bed2642', 3.76, 2.15);
INSERT INTO launch_material_requirements (launch_id, material_id, required_quantity, fulfilled_quantity) VALUES ('6723c127-564c-4007-8ffc-535cf46713ac', '2f85d340-ba17-4f3b-930f-526180d8cadd', 2.97, 1.28);
INSERT INTO launch_material_requirements (launch_id, material_id, required_quantity, fulfilled_quantity) VALUES ('6723c127-564c-4007-8ffc-535cf46713ac', 'bbf18af0-d831-4387-a479-b54e4d5fc0ba', 5.63, 4.88);
INSERT INTO launch_material_requirements (launch_id, material_id, required_quantity, fulfilled_quantity) VALUES ('6723c127-564c-4007-8ffc-535cf46713ac', 'c9084421-d75e-42bc-b631-859f07ec6964', 5.78, 3.54);
INSERT INTO launch_material_requirements (launch_id, material_id, required_quantity, fulfilled_quantity) VALUES ('6723c127-564c-4007-8ffc-535cf46713ac', 'ab1cecdc-e94d-4a38-89fb-5548f9f38196', 31.7, 28.76);
INSERT INTO launch_material_requirements (launch_id, material_id, required_quantity, fulfilled_quantity) VALUES ('6723c127-564c-4007-8ffc-535cf46713ac', '155c549a-f5b6-4855-a37a-81a41eb1df4d', 6.27, 3.98);
INSERT INTO launch_material_requirements (launch_id, material_id, required_quantity, fulfilled_quantity) VALUES ('6723c127-564c-4007-8ffc-535cf46713ac', '2f6f8b29-756b-47f7-ad1f-f6f5716d1b5f', 2.75, 0.97);
INSERT INTO launch_material_requirements (launch_id, material_id, required_quantity, fulfilled_quantity) VALUES ('6723c127-564c-4007-8ffc-535cf46713ac', '6882a170-da9a-493a-a8f9-d3a8390f5eec', 2.22, 1.31);
INSERT INTO launch_material_requirements (launch_id, material_id, required_quantity, fulfilled_quantity) VALUES ('6723c127-564c-4007-8ffc-535cf46713ac', '97561058-7ebc-4b42-9924-caa8ddb55341', 5.08, 4.27);
INSERT INTO launch_material_requirements (launch_id, material_id, required_quantity, fulfilled_quantity) VALUES ('6723c127-564c-4007-8ffc-535cf46713ac', '25877442-ee1b-4e3b-9989-c79c12f89e4b', 5.1, 4.55);
INSERT INTO launch_material_requirements (launch_id, material_id, required_quantity, fulfilled_quantity) VALUES ('6723c127-564c-4007-8ffc-535cf46713ac', 'e56e32cc-c62a-4116-aa27-78e7f62226fd', 5.18, 4.53);
INSERT INTO launch_material_requirements (launch_id, material_id, required_quantity, fulfilled_quantity) VALUES ('6723c127-564c-4007-8ffc-535cf46713ac', '9ecae36b-c0a2-4468-9140-c30f839ad4f9', 3.79, 2.16);
INSERT INTO launch_material_requirements (launch_id, material_id, required_quantity, fulfilled_quantity) VALUES ('6723c127-564c-4007-8ffc-535cf46713ac', 'ee50af8d-c745-405d-bb9d-2cdd06c3545c', 4.38, 2.38);
INSERT INTO launch_material_requirements (launch_id, material_id, required_quantity, fulfilled_quantity) VALUES ('6723c127-564c-4007-8ffc-535cf46713ac', '31b59c29-feb0-4bb8-89b2-a0d1bbf41943', 12.95, 4.57);
INSERT INTO launch_material_requirements (launch_id, material_id, required_quantity, fulfilled_quantity) VALUES ('6723c127-564c-4007-8ffc-535cf46713ac', 'ea36e74a-68eb-42c8-9106-e28fbd5fe63f', 16.74, 8.49);
INSERT INTO launch_material_requirements (launch_id, material_id, required_quantity, fulfilled_quantity) VALUES ('6723c127-564c-4007-8ffc-535cf46713ac', 'fb28f607-5be4-45ba-8702-df78eba1987e', 1.3, 0.99);
INSERT INTO launch_material_requirements (launch_id, material_id, required_quantity, fulfilled_quantity) VALUES ('6723c127-564c-4007-8ffc-535cf46713ac', '07cabfc0-07f7-4cf2-9f69-a6358b2cf725', 2.01, 0.79);
INSERT INTO launch_material_requirements (launch_id, material_id, required_quantity, fulfilled_quantity) VALUES ('6723c127-564c-4007-8ffc-535cf46713ac', '07e5afad-fce2-44ad-b22d-648adc8bdc09', 8.36, 7.49);
INSERT INTO launch_material_requirements (launch_id, material_id, required_quantity, fulfilled_quantity) VALUES ('6723c127-564c-4007-8ffc-535cf46713ac', '78d8fa24-d067-4a5d-bb4d-9af90818b7b3', 48.35, 40.62);
INSERT INTO launch_material_requirements (launch_id, material_id, required_quantity, fulfilled_quantity) VALUES ('6723c127-564c-4007-8ffc-535cf46713ac', '6518962f-516d-437b-a82b-ba466559ea20', 81.91, 49.55);
INSERT INTO launch_material_requirements (launch_id, material_id, required_quantity, fulfilled_quantity) VALUES ('6723c127-564c-4007-8ffc-535cf46713ac', '60a55124-23c6-4c15-b081-be9324000d50', 28.46, 25.3);
INSERT INTO launch_material_requirements (launch_id, material_id, required_quantity, fulfilled_quantity) VALUES ('6723c127-564c-4007-8ffc-535cf46713ac', '0f0fd8d5-c1cd-4649-bd95-ddbca31bb25a', 52.85, 23.26);
INSERT INTO launch_material_requirements (launch_id, material_id, required_quantity, fulfilled_quantity) VALUES ('6723c127-564c-4007-8ffc-535cf46713ac', '988de518-33e1-4cd1-8418-bd1917382638', 28.97, 26.4);
INSERT INTO launch_material_requirements (launch_id, material_id, required_quantity, fulfilled_quantity) VALUES ('6723c127-564c-4007-8ffc-535cf46713ac', '2d65446b-c150-439e-92b3-b22600258f1f', 706.66, 406.41);
INSERT INTO launch_material_requirements (launch_id, material_id, required_quantity, fulfilled_quantity) VALUES ('6723c127-564c-4007-8ffc-535cf46713ac', '23695e1d-62b1-4c1b-ab4d-30d8e08fcb0d', 166.43, 75.64);
INSERT INTO launch_material_requirements (launch_id, material_id, required_quantity, fulfilled_quantity) VALUES ('6723c127-564c-4007-8ffc-535cf46713ac', 'ac371004-a3aa-462c-8810-8d86b3d13254', 20.48, 9.32);
INSERT INTO launch_material_requirements (launch_id, material_id, required_quantity, fulfilled_quantity) VALUES ('6723c127-564c-4007-8ffc-535cf46713ac', '346a7196-96be-4cc6-a851-84efe4717b72', 29.17, 20.56);
INSERT INTO launch_material_requirements (launch_id, material_id, required_quantity, fulfilled_quantity) VALUES ('6723c127-564c-4007-8ffc-535cf46713ac', '90bfe302-5a6c-441b-afbf-97d44ebece59', 118.84, 100.28);
INSERT INTO launch_material_requirements (launch_id, material_id, required_quantity, fulfilled_quantity) VALUES ('6723c127-564c-4007-8ffc-535cf46713ac', '464a9a90-1940-4e1b-963c-509d9286db09', 31.24, 20.26);
INSERT INTO launch_material_requirements (launch_id, material_id, required_quantity, fulfilled_quantity) VALUES ('6723c127-564c-4007-8ffc-535cf46713ac', '17614fb7-8bc2-4e62-adaf-8baccaaf4560', 43.44, 29.27);
INSERT INTO launch_material_requirements (launch_id, material_id, required_quantity, fulfilled_quantity) VALUES ('6723c127-564c-4007-8ffc-535cf46713ac', 'e8ae5551-a827-427b-841a-aa79532f9173', 23.67, 11.58);
INSERT INTO launch_material_requirements (launch_id, material_id, required_quantity, fulfilled_quantity) VALUES ('6723c127-564c-4007-8ffc-535cf46713ac', '95a9f2df-545c-4606-99ee-414ddd1e0608', 20.09, 10.63);
INSERT INTO launch_material_requirements (launch_id, material_id, required_quantity, fulfilled_quantity) VALUES ('6723c127-564c-4007-8ffc-535cf46713ac', 'f299b5b8-bc76-40ee-a689-d0dab02b1b66', 27.12, 11.44);
INSERT INTO launch_material_requirements (launch_id, material_id, required_quantity, fulfilled_quantity) VALUES ('6723c127-564c-4007-8ffc-535cf46713ac', 'dff86d03-b285-4138-8128-a226dafb3587', 75.12, 48.1);
INSERT INTO supply_events (event_type, severity, affected_material_id, description, impact_days, cost_impact, event_date) VALUES ('QC_Failure', 'Critical', '524160da-1ede-43c8-8631-5f662e0db3b9', 'Inconel 718 batch rejection — metallurgical defect in grain structure detected during X-ray inspection. 21-day replacement lead time.', 21, 94500, '2026-07-15');
INSERT INTO supply_events (event_type, severity, description, impact_days, cost_impact, event_date) VALUES ('Weather_Disruption', 'High', 'Monsoon flooding on NH-44 Nagpur-Hyderabad corridor. Road transport halted for 12 days. Air freight fallback activated at 4x cost.', 12, 180000, '2026-08-20');
INSERT INTO supply_events (event_type, severity, description, impact_days, cost_impact, event_date) VALUES ('Supplier_Shutdown', 'High', 'Scheduled maintenance shutdown at MIDHANI Hyderabad — 10 day production halt.', 10, 120000, '2026-09-01');
INSERT INTO supply_events (event_type, severity, description, impact_days, cost_impact, event_date) VALUES ('Price_Surge', 'Medium', 'Titanium global spot price surge +18% due to export restrictions.', 0, 250000, '2026-10-05');
INSERT INTO supply_events (event_type, severity, description, impact_days, cost_impact, event_date) VALUES ('Demand_Spike', 'Medium', 'Customer request to accelerate Mission Alpha by 30 days.', 0, 75000, '2026-08-01');
INSERT INTO supply_events (event_type, severity, description, impact_days, cost_impact, event_date) VALUES ('Geopolitical', 'High', 'Export control review on carbon fiber composite from Japan. Shipment held at customs 14 days.', 14, 45000, '2026-11-10');
INSERT INTO inventory_snapshots (material_id, snapshot_date, quantity, consumption_rate, days_of_supply) VALUES ('524160da-1ede-43c8-8631-5f662e0db3b9', '2026-06-01', 128.04, 12.1, 10.6);
INSERT INTO inventory_snapshots (material_id, snapshot_date, quantity, consumption_rate, days_of_supply) VALUES ('524160da-1ede-43c8-8631-5f662e0db3b9', '2026-07-01', 91.16, 10.68, 8.5);
INSERT INTO inventory_snapshots (material_id, snapshot_date, quantity, consumption_rate, days_of_supply) VALUES ('524160da-1ede-43c8-8631-5f662e0db3b9', '2026-07-31', 93.54, 4.17, 22.4);
INSERT INTO inventory_snapshots (material_id, snapshot_date, quantity, consumption_rate, days_of_supply) VALUES ('524160da-1ede-43c8-8631-5f662e0db3b9', '2026-08-30', 92.07, 4.37, 21.1);
INSERT INTO inventory_snapshots (material_id, snapshot_date, quantity, consumption_rate, days_of_supply) VALUES ('524160da-1ede-43c8-8631-5f662e0db3b9', '2026-09-29', 90.5, 7.17, 12.6);
INSERT INTO inventory_snapshots (material_id, snapshot_date, quantity, consumption_rate, days_of_supply) VALUES ('524160da-1ede-43c8-8631-5f662e0db3b9', '2026-10-29', 83.97, 7.04, 11.9);
INSERT INTO inventory_snapshots (material_id, snapshot_date, quantity, consumption_rate, days_of_supply) VALUES ('524160da-1ede-43c8-8631-5f662e0db3b9', '2026-11-28', 82.85, 6.05, 13.7);
INSERT INTO inventory_snapshots (material_id, snapshot_date, quantity, consumption_rate, days_of_supply) VALUES ('524160da-1ede-43c8-8631-5f662e0db3b9', '2026-12-28', 82.33, 4.88, 16.9);
INSERT INTO inventory_snapshots (material_id, snapshot_date, quantity, consumption_rate, days_of_supply) VALUES ('524160da-1ede-43c8-8631-5f662e0db3b9', '2027-01-27', 72.9, 10.43, 7.0);
INSERT INTO inventory_snapshots (material_id, snapshot_date, quantity, consumption_rate, days_of_supply) VALUES ('524160da-1ede-43c8-8631-5f662e0db3b9', '2027-02-26', 68.45, 6.99, 9.8);
INSERT INTO inventory_snapshots (material_id, snapshot_date, quantity, consumption_rate, days_of_supply) VALUES ('524160da-1ede-43c8-8631-5f662e0db3b9', '2027-03-28', 65.21, 9.46, 6.9);
INSERT INTO inventory_snapshots (material_id, snapshot_date, quantity, consumption_rate, days_of_supply) VALUES ('524160da-1ede-43c8-8631-5f662e0db3b9', '2027-04-27', 62.75, 9.82, 6.4);
INSERT INTO inventory_snapshots (material_id, snapshot_date, quantity, consumption_rate, days_of_supply) VALUES ('d45b644a-4e7e-4314-bbdf-2081e5fe66ae', '2026-06-01', 85.99, 3.33, 25.8);
INSERT INTO inventory_snapshots (material_id, snapshot_date, quantity, consumption_rate, days_of_supply) VALUES ('d45b644a-4e7e-4314-bbdf-2081e5fe66ae', '2026-07-01', 84.18, 6.05, 13.9);
INSERT INTO inventory_snapshots (material_id, snapshot_date, quantity, consumption_rate, days_of_supply) VALUES ('d45b644a-4e7e-4314-bbdf-2081e5fe66ae', '2026-07-31', 82.5, 2.59, 31.9);
INSERT INTO inventory_snapshots (material_id, snapshot_date, quantity, consumption_rate, days_of_supply) VALUES ('d45b644a-4e7e-4314-bbdf-2081e5fe66ae', '2026-08-30', 80.05, 6.43, 12.4);
INSERT INTO inventory_snapshots (material_id, snapshot_date, quantity, consumption_rate, days_of_supply) VALUES ('d45b644a-4e7e-4314-bbdf-2081e5fe66ae', '2026-09-29', 77.44, 4.01, 19.3);
INSERT INTO inventory_snapshots (material_id, snapshot_date, quantity, consumption_rate, days_of_supply) VALUES ('d45b644a-4e7e-4314-bbdf-2081e5fe66ae', '2026-10-29', 76.68, 4.43, 17.3);
INSERT INTO inventory_snapshots (material_id, snapshot_date, quantity, consumption_rate, days_of_supply) VALUES ('d45b644a-4e7e-4314-bbdf-2081e5fe66ae', '2026-11-28', 72.03, 4.81, 15.0);
INSERT INTO inventory_snapshots (material_id, snapshot_date, quantity, consumption_rate, days_of_supply) VALUES ('d45b644a-4e7e-4314-bbdf-2081e5fe66ae', '2026-12-28', 67.62, 5.7, 11.9);
INSERT INTO inventory_snapshots (material_id, snapshot_date, quantity, consumption_rate, days_of_supply) VALUES ('d45b644a-4e7e-4314-bbdf-2081e5fe66ae', '2027-01-27', 61.03, 6.8, 9.0);
INSERT INTO inventory_snapshots (material_id, snapshot_date, quantity, consumption_rate, days_of_supply) VALUES ('d45b644a-4e7e-4314-bbdf-2081e5fe66ae', '2027-02-26', 56.52, 5.74, 9.8);
INSERT INTO inventory_snapshots (material_id, snapshot_date, quantity, consumption_rate, days_of_supply) VALUES ('d45b644a-4e7e-4314-bbdf-2081e5fe66ae', '2027-03-28', 52.01, 6.48, 8.0);
INSERT INTO inventory_snapshots (material_id, snapshot_date, quantity, consumption_rate, days_of_supply) VALUES ('d45b644a-4e7e-4314-bbdf-2081e5fe66ae', '2027-04-27', 49.55, 4.44, 11.2);
INSERT INTO inventory_snapshots (material_id, snapshot_date, quantity, consumption_rate, days_of_supply) VALUES ('6a3bdd86-a1ca-4bcf-96ab-4306690aaeaa', '2026-06-01', 152.13, 5.51, 27.6);
INSERT INTO inventory_snapshots (material_id, snapshot_date, quantity, consumption_rate, days_of_supply) VALUES ('6a3bdd86-a1ca-4bcf-96ab-4306690aaeaa', '2026-07-01', 146.43, 7.91, 18.5);
INSERT INTO inventory_snapshots (material_id, snapshot_date, quantity, consumption_rate, days_of_supply) VALUES ('6a3bdd86-a1ca-4bcf-96ab-4306690aaeaa', '2026-07-31', 139.41, 8.62, 16.2);
INSERT INTO inventory_snapshots (material_id, snapshot_date, quantity, consumption_rate, days_of_supply) VALUES ('6a3bdd86-a1ca-4bcf-96ab-4306690aaeaa', '2026-08-30', 138.2, 3.76, 36.7);
INSERT INTO inventory_snapshots (material_id, snapshot_date, quantity, consumption_rate, days_of_supply) VALUES ('6a3bdd86-a1ca-4bcf-96ab-4306690aaeaa', '2026-09-29', 138.04, 6.13, 22.5);
INSERT INTO inventory_snapshots (material_id, snapshot_date, quantity, consumption_rate, days_of_supply) VALUES ('6a3bdd86-a1ca-4bcf-96ab-4306690aaeaa', '2026-10-29', 135.37, 4.43, 30.6);
INSERT INTO inventory_snapshots (material_id, snapshot_date, quantity, consumption_rate, days_of_supply) VALUES ('6a3bdd86-a1ca-4bcf-96ab-4306690aaeaa', '2026-11-28', 133.44, 3.9, 34.2);
INSERT INTO inventory_snapshots (material_id, snapshot_date, quantity, consumption_rate, days_of_supply) VALUES ('6a3bdd86-a1ca-4bcf-96ab-4306690aaeaa', '2026-12-28', 130.91, 5.21, 25.1);
INSERT INTO inventory_snapshots (material_id, snapshot_date, quantity, consumption_rate, days_of_supply) VALUES ('6a3bdd86-a1ca-4bcf-96ab-4306690aaeaa', '2027-01-27', 123.83, 8.08, 15.3);
INSERT INTO inventory_snapshots (material_id, snapshot_date, quantity, consumption_rate, days_of_supply) VALUES ('6a3bdd86-a1ca-4bcf-96ab-4306690aaeaa', '2027-02-26', 120.29, 6.22, 19.3);
INSERT INTO inventory_snapshots (material_id, snapshot_date, quantity, consumption_rate, days_of_supply) VALUES ('6a3bdd86-a1ca-4bcf-96ab-4306690aaeaa', '2027-03-28', 117.62, 8.14, 14.4);
INSERT INTO inventory_snapshots (material_id, snapshot_date, quantity, consumption_rate, days_of_supply) VALUES ('6a3bdd86-a1ca-4bcf-96ab-4306690aaeaa', '2027-04-27', 112.85, 7.38, 15.3);
INSERT INTO inventory_snapshots (material_id, snapshot_date, quantity, consumption_rate, days_of_supply) VALUES ('ce899f55-bd7b-44c1-9d88-3e843afdfc55', '2026-06-01', 76.82, 5.36, 14.3);
INSERT INTO inventory_snapshots (material_id, snapshot_date, quantity, consumption_rate, days_of_supply) VALUES ('ce899f55-bd7b-44c1-9d88-3e843afdfc55', '2026-07-01', 73.5, 4.85, 15.1);
INSERT INTO inventory_snapshots (material_id, snapshot_date, quantity, consumption_rate, days_of_supply) VALUES ('ce899f55-bd7b-44c1-9d88-3e843afdfc55', '2026-07-31', 72.13, 4.18, 17.3);
INSERT INTO inventory_snapshots (material_id, snapshot_date, quantity, consumption_rate, days_of_supply) VALUES ('ce899f55-bd7b-44c1-9d88-3e843afdfc55', '2026-08-30', 69.56, 2.68, 26.0);
INSERT INTO inventory_snapshots (material_id, snapshot_date, quantity, consumption_rate, days_of_supply) VALUES ('ce899f55-bd7b-44c1-9d88-3e843afdfc55', '2026-09-29', 66.5, 5.61, 11.9);
INSERT INTO inventory_snapshots (material_id, snapshot_date, quantity, consumption_rate, days_of_supply) VALUES ('ce899f55-bd7b-44c1-9d88-3e843afdfc55', '2026-10-29', 63.11, 3.86, 16.3);
INSERT INTO inventory_snapshots (material_id, snapshot_date, quantity, consumption_rate, days_of_supply) VALUES ('ce899f55-bd7b-44c1-9d88-3e843afdfc55', '2026-11-28', 62.53, 3.0, 20.8);
INSERT INTO inventory_snapshots (material_id, snapshot_date, quantity, consumption_rate, days_of_supply) VALUES ('ce899f55-bd7b-44c1-9d88-3e843afdfc55', '2026-12-28', 62.55, 3.54, 17.7);
INSERT INTO inventory_snapshots (material_id, snapshot_date, quantity, consumption_rate, days_of_supply) VALUES ('ce899f55-bd7b-44c1-9d88-3e843afdfc55', '2027-01-27', 60.99, 2.14, 28.5);
INSERT INTO inventory_snapshots (material_id, snapshot_date, quantity, consumption_rate, days_of_supply) VALUES ('ce899f55-bd7b-44c1-9d88-3e843afdfc55', '2027-02-26', 58.47, 3.91, 14.9);
INSERT INTO inventory_snapshots (material_id, snapshot_date, quantity, consumption_rate, days_of_supply) VALUES ('ce899f55-bd7b-44c1-9d88-3e843afdfc55', '2027-03-28', 54.87, 3.89, 14.1);
INSERT INTO inventory_snapshots (material_id, snapshot_date, quantity, consumption_rate, days_of_supply) VALUES ('ce899f55-bd7b-44c1-9d88-3e843afdfc55', '2027-04-27', 53.66, 2.59, 20.8);
INSERT INTO inventory_snapshots (material_id, snapshot_date, quantity, consumption_rate, days_of_supply) VALUES ('0aeee190-7837-496f-abee-6d78e300bd62', '2026-06-01', 264.55, 12.74, 20.8);
INSERT INTO inventory_snapshots (material_id, snapshot_date, quantity, consumption_rate, days_of_supply) VALUES ('0aeee190-7837-496f-abee-6d78e300bd62', '2026-07-01', 258.9, 8.44, 30.7);
INSERT INTO inventory_snapshots (material_id, snapshot_date, quantity, consumption_rate, days_of_supply) VALUES ('0aeee190-7837-496f-abee-6d78e300bd62', '2026-07-31', 255.8, 16.8, 15.2);
INSERT INTO inventory_snapshots (material_id, snapshot_date, quantity, consumption_rate, days_of_supply) VALUES ('0aeee190-7837-496f-abee-6d78e300bd62', '2026-08-30', 257.42, 10.0, 25.7);
INSERT INTO inventory_snapshots (material_id, snapshot_date, quantity, consumption_rate, days_of_supply) VALUES ('0aeee190-7837-496f-abee-6d78e300bd62', '2026-09-29', 240.67, 19.97, 12.1);
INSERT INTO inventory_snapshots (material_id, snapshot_date, quantity, consumption_rate, days_of_supply) VALUES ('0aeee190-7837-496f-abee-6d78e300bd62', '2026-10-29', 232.68, 18.4, 12.6);
INSERT INTO inventory_snapshots (material_id, snapshot_date, quantity, consumption_rate, days_of_supply) VALUES ('0aeee190-7837-496f-abee-6d78e300bd62', '2026-11-28', 210.71, 24.98, 8.4);
INSERT INTO inventory_snapshots (material_id, snapshot_date, quantity, consumption_rate, days_of_supply) VALUES ('0aeee190-7837-496f-abee-6d78e300bd62', '2026-12-28', 201.51, 10.31, 19.5);
INSERT INTO inventory_snapshots (material_id, snapshot_date, quantity, consumption_rate, days_of_supply) VALUES ('0aeee190-7837-496f-abee-6d78e300bd62', '2027-01-27', 201.27, 10.94, 18.4);
INSERT INTO inventory_snapshots (material_id, snapshot_date, quantity, consumption_rate, days_of_supply) VALUES ('0aeee190-7837-496f-abee-6d78e300bd62', '2027-02-26', 188.48, 24.95, 7.6);
INSERT INTO inventory_snapshots (material_id, snapshot_date, quantity, consumption_rate, days_of_supply) VALUES ('0aeee190-7837-496f-abee-6d78e300bd62', '2027-03-28', 178.83, 24.45, 7.3);
INSERT INTO inventory_snapshots (material_id, snapshot_date, quantity, consumption_rate, days_of_supply) VALUES ('0aeee190-7837-496f-abee-6d78e300bd62', '2027-04-27', 170.12, 19.35, 8.8);
INSERT INTO inventory_snapshots (material_id, snapshot_date, quantity, consumption_rate, days_of_supply) VALUES ('b165e338-3704-41c5-bac3-14a0e646c532', '2026-06-01', 180.94, 7.76, 23.3);
INSERT INTO inventory_snapshots (material_id, snapshot_date, quantity, consumption_rate, days_of_supply) VALUES ('b165e338-3704-41c5-bac3-14a0e646c532', '2026-07-01', 180.92, 6.41, 28.2);
INSERT INTO inventory_snapshots (material_id, snapshot_date, quantity, consumption_rate, days_of_supply) VALUES ('b165e338-3704-41c5-bac3-14a0e646c532', '2026-07-31', 170.54, 11.94, 14.3);
INSERT INTO inventory_snapshots (material_id, snapshot_date, quantity, consumption_rate, days_of_supply) VALUES ('b165e338-3704-41c5-bac3-14a0e646c532', '2026-08-30', 164.07, 8.49, 19.3);
INSERT INTO inventory_snapshots (material_id, snapshot_date, quantity, consumption_rate, days_of_supply) VALUES ('b165e338-3704-41c5-bac3-14a0e646c532', '2026-09-29', 156.35, 14.85, 10.5);
INSERT INTO inventory_snapshots (material_id, snapshot_date, quantity, consumption_rate, days_of_supply) VALUES ('b165e338-3704-41c5-bac3-14a0e646c532', '2026-10-29', 153.58, 7.21, 21.3);
INSERT INTO inventory_snapshots (material_id, snapshot_date, quantity, consumption_rate, days_of_supply) VALUES ('b165e338-3704-41c5-bac3-14a0e646c532', '2026-11-28', 150.25, 8.48, 17.7);
INSERT INTO inventory_snapshots (material_id, snapshot_date, quantity, consumption_rate, days_of_supply) VALUES ('b165e338-3704-41c5-bac3-14a0e646c532', '2026-12-28', 149.53, 9.57, 15.6);
INSERT INTO inventory_snapshots (material_id, snapshot_date, quantity, consumption_rate, days_of_supply) VALUES ('b165e338-3704-41c5-bac3-14a0e646c532', '2027-01-27', 151.37, 6.12, 24.7);
INSERT INTO inventory_snapshots (material_id, snapshot_date, quantity, consumption_rate, days_of_supply) VALUES ('b165e338-3704-41c5-bac3-14a0e646c532', '2027-02-26', 149.48, 5.47, 27.3);
INSERT INTO inventory_snapshots (material_id, snapshot_date, quantity, consumption_rate, days_of_supply) VALUES ('b165e338-3704-41c5-bac3-14a0e646c532', '2027-03-28', 141.68, 12.11, 11.7);
INSERT INTO inventory_snapshots (material_id, snapshot_date, quantity, consumption_rate, days_of_supply) VALUES ('b165e338-3704-41c5-bac3-14a0e646c532', '2027-04-27', 136.37, 8.99, 15.2);
INSERT INTO inventory_snapshots (material_id, snapshot_date, quantity, consumption_rate, days_of_supply) VALUES ('4a2bbf7a-84b0-4dba-aa4c-f5a50fc683b8', '2026-06-01', 61.92, 2.03, 30.6);
INSERT INTO inventory_snapshots (material_id, snapshot_date, quantity, consumption_rate, days_of_supply) VALUES ('4a2bbf7a-84b0-4dba-aa4c-f5a50fc683b8', '2026-07-01', 61.47, 1.85, 33.2);
INSERT INTO inventory_snapshots (material_id, snapshot_date, quantity, consumption_rate, days_of_supply) VALUES ('4a2bbf7a-84b0-4dba-aa4c-f5a50fc683b8', '2026-07-31', 58.49, 3.36, 17.4);
INSERT INTO inventory_snapshots (material_id, snapshot_date, quantity, consumption_rate, days_of_supply) VALUES ('4a2bbf7a-84b0-4dba-aa4c-f5a50fc683b8', '2026-08-30', 55.73, 4.42, 12.6);
INSERT INTO inventory_snapshots (material_id, snapshot_date, quantity, consumption_rate, days_of_supply) VALUES ('4a2bbf7a-84b0-4dba-aa4c-f5a50fc683b8', '2026-09-29', 54.43, 3.6, 15.1);
INSERT INTO inventory_snapshots (material_id, snapshot_date, quantity, consumption_rate, days_of_supply) VALUES ('4a2bbf7a-84b0-4dba-aa4c-f5a50fc683b8', '2026-10-29', 53.9, 2.04, 26.4);
INSERT INTO inventory_snapshots (material_id, snapshot_date, quantity, consumption_rate, days_of_supply) VALUES ('4a2bbf7a-84b0-4dba-aa4c-f5a50fc683b8', '2026-11-28', 51.84, 4.55, 11.4);
INSERT INTO inventory_snapshots (material_id, snapshot_date, quantity, consumption_rate, days_of_supply) VALUES ('4a2bbf7a-84b0-4dba-aa4c-f5a50fc683b8', '2026-12-28', 49.4, 3.36, 14.7);
INSERT INTO inventory_snapshots (material_id, snapshot_date, quantity, consumption_rate, days_of_supply) VALUES ('4a2bbf7a-84b0-4dba-aa4c-f5a50fc683b8', '2027-01-27', 50.05, 2.15, 23.3);
INSERT INTO inventory_snapshots (material_id, snapshot_date, quantity, consumption_rate, days_of_supply) VALUES ('4a2bbf7a-84b0-4dba-aa4c-f5a50fc683b8', '2027-02-26', 50.52, 2.37, 21.3);
INSERT INTO inventory_snapshots (material_id, snapshot_date, quantity, consumption_rate, days_of_supply) VALUES ('4a2bbf7a-84b0-4dba-aa4c-f5a50fc683b8', '2027-03-28', 48.01, 3.36, 14.3);
INSERT INTO inventory_snapshots (material_id, snapshot_date, quantity, consumption_rate, days_of_supply) VALUES ('4a2bbf7a-84b0-4dba-aa4c-f5a50fc683b8', '2027-04-27', 46.73, 1.87, 25.0);
INSERT INTO inventory_snapshots (material_id, snapshot_date, quantity, consumption_rate, days_of_supply) VALUES ('6e2a866a-97ad-407a-bbd7-c3bbb213c473', '2026-06-01', 38.8, 1.27, 30.6);
INSERT INTO inventory_snapshots (material_id, snapshot_date, quantity, consumption_rate, days_of_supply) VALUES ('6e2a866a-97ad-407a-bbd7-c3bbb213c473', '2026-07-01', 37.09, 1.84, 20.1);
INSERT INTO inventory_snapshots (material_id, snapshot_date, quantity, consumption_rate, days_of_supply) VALUES ('6e2a866a-97ad-407a-bbd7-c3bbb213c473', '2026-07-31', 36.09, 1.89, 19.1);
INSERT INTO inventory_snapshots (material_id, snapshot_date, quantity, consumption_rate, days_of_supply) VALUES ('6e2a866a-97ad-407a-bbd7-c3bbb213c473', '2026-08-30', 34.56, 1.79, 19.3);
INSERT INTO inventory_snapshots (material_id, snapshot_date, quantity, consumption_rate, days_of_supply) VALUES ('6e2a866a-97ad-407a-bbd7-c3bbb213c473', '2026-09-29', 34.05, 1.86, 18.3);
INSERT INTO inventory_snapshots (material_id, snapshot_date, quantity, consumption_rate, days_of_supply) VALUES ('6e2a866a-97ad-407a-bbd7-c3bbb213c473', '2026-10-29', 34.06, 1.37, 24.8);
INSERT INTO inventory_snapshots (material_id, snapshot_date, quantity, consumption_rate, days_of_supply) VALUES ('6e2a866a-97ad-407a-bbd7-c3bbb213c473', '2026-11-28', 34.49, 0.87, 39.6);
INSERT INTO inventory_snapshots (material_id, snapshot_date, quantity, consumption_rate, days_of_supply) VALUES ('6e2a866a-97ad-407a-bbd7-c3bbb213c473', '2026-12-28', 34.98, 0.94, 37.3);
INSERT INTO inventory_snapshots (material_id, snapshot_date, quantity, consumption_rate, days_of_supply) VALUES ('6e2a866a-97ad-407a-bbd7-c3bbb213c473', '2027-01-27', 33.26, 2.11, 15.8);
INSERT INTO inventory_snapshots (material_id, snapshot_date, quantity, consumption_rate, days_of_supply) VALUES ('6e2a866a-97ad-407a-bbd7-c3bbb213c473', '2027-02-26', 32.96, 1.16, 28.5);
INSERT INTO inventory_snapshots (material_id, snapshot_date, quantity, consumption_rate, days_of_supply) VALUES ('6e2a866a-97ad-407a-bbd7-c3bbb213c473', '2027-03-28', 31.16, 1.85, 16.8);
INSERT INTO inventory_snapshots (material_id, snapshot_date, quantity, consumption_rate, days_of_supply) VALUES ('6e2a866a-97ad-407a-bbd7-c3bbb213c473', '2027-04-27', 29.66, 2.31, 12.8);
INSERT INTO inventory_snapshots (material_id, snapshot_date, quantity, consumption_rate, days_of_supply) VALUES ('b5d12a1a-82d4-4519-8e69-888d5c06eac6', '2026-06-01', 15.95, 0.66, 24.3);
INSERT INTO inventory_snapshots (material_id, snapshot_date, quantity, consumption_rate, days_of_supply) VALUES ('b5d12a1a-82d4-4519-8e69-888d5c06eac6', '2026-07-01', 15.16, 1.09, 14.0);
INSERT INTO inventory_snapshots (material_id, snapshot_date, quantity, consumption_rate, days_of_supply) VALUES ('b5d12a1a-82d4-4519-8e69-888d5c06eac6', '2026-07-31', 14.9, 0.79, 19.0);
INSERT INTO inventory_snapshots (material_id, snapshot_date, quantity, consumption_rate, days_of_supply) VALUES ('b5d12a1a-82d4-4519-8e69-888d5c06eac6', '2026-08-30', 14.67, 0.53, 27.5);
INSERT INTO inventory_snapshots (material_id, snapshot_date, quantity, consumption_rate, days_of_supply) VALUES ('b5d12a1a-82d4-4519-8e69-888d5c06eac6', '2026-09-29', 14.13, 0.79, 17.8);
INSERT INTO inventory_snapshots (material_id, snapshot_date, quantity, consumption_rate, days_of_supply) VALUES ('b5d12a1a-82d4-4519-8e69-888d5c06eac6', '2026-10-29', 14.26, 0.52, 27.3);
INSERT INTO inventory_snapshots (material_id, snapshot_date, quantity, consumption_rate, days_of_supply) VALUES ('b5d12a1a-82d4-4519-8e69-888d5c06eac6', '2026-11-28', 14.33, 0.67, 21.3);
INSERT INTO inventory_snapshots (material_id, snapshot_date, quantity, consumption_rate, days_of_supply) VALUES ('b5d12a1a-82d4-4519-8e69-888d5c06eac6', '2026-12-28', 13.93, 0.69, 20.1);
INSERT INTO inventory_snapshots (material_id, snapshot_date, quantity, consumption_rate, days_of_supply) VALUES ('b5d12a1a-82d4-4519-8e69-888d5c06eac6', '2027-01-27', 13.27, 1.05, 12.7);
INSERT INTO inventory_snapshots (material_id, snapshot_date, quantity, consumption_rate, days_of_supply) VALUES ('b5d12a1a-82d4-4519-8e69-888d5c06eac6', '2027-02-26', 12.96, 0.49, 26.4);
INSERT INTO inventory_snapshots (material_id, snapshot_date, quantity, consumption_rate, days_of_supply) VALUES ('b5d12a1a-82d4-4519-8e69-888d5c06eac6', '2027-03-28', 12.8, 0.5, 25.4);
INSERT INTO inventory_snapshots (material_id, snapshot_date, quantity, consumption_rate, days_of_supply) VALUES ('b5d12a1a-82d4-4519-8e69-888d5c06eac6', '2027-04-27', 12.31, 0.52, 23.7);
INSERT INTO inventory_snapshots (material_id, snapshot_date, quantity, consumption_rate, days_of_supply) VALUES ('e3b2690c-6f75-46be-8dc6-21341f73436b', '2026-06-01', 55.9, 3.4, 16.4);
INSERT INTO inventory_snapshots (material_id, snapshot_date, quantity, consumption_rate, days_of_supply) VALUES ('e3b2690c-6f75-46be-8dc6-21341f73436b', '2026-07-01', 54.27, 3.65, 14.8);
INSERT INTO inventory_snapshots (material_id, snapshot_date, quantity, consumption_rate, days_of_supply) VALUES ('e3b2690c-6f75-46be-8dc6-21341f73436b', '2026-07-31', 53.1, 3.27, 16.2);
INSERT INTO inventory_snapshots (material_id, snapshot_date, quantity, consumption_rate, days_of_supply) VALUES ('e3b2690c-6f75-46be-8dc6-21341f73436b', '2026-08-30', 50.49, 3.04, 16.6);
INSERT INTO inventory_snapshots (material_id, snapshot_date, quantity, consumption_rate, days_of_supply) VALUES ('e3b2690c-6f75-46be-8dc6-21341f73436b', '2026-09-29', 51.12, 1.61, 31.8);
INSERT INTO inventory_snapshots (material_id, snapshot_date, quantity, consumption_rate, days_of_supply) VALUES ('e3b2690c-6f75-46be-8dc6-21341f73436b', '2026-10-29', 50.71, 2.39, 21.2);
INSERT INTO inventory_snapshots (material_id, snapshot_date, quantity, consumption_rate, days_of_supply) VALUES ('e3b2690c-6f75-46be-8dc6-21341f73436b', '2026-11-28', 48.45, 2.47, 19.6);
INSERT INTO inventory_snapshots (material_id, snapshot_date, quantity, consumption_rate, days_of_supply) VALUES ('e3b2690c-6f75-46be-8dc6-21341f73436b', '2026-12-28', 47.27, 2.2, 21.5);
INSERT INTO inventory_snapshots (material_id, snapshot_date, quantity, consumption_rate, days_of_supply) VALUES ('e3b2690c-6f75-46be-8dc6-21341f73436b', '2027-01-27', 46.77, 1.81, 25.8);
INSERT INTO inventory_snapshots (material_id, snapshot_date, quantity, consumption_rate, days_of_supply) VALUES ('e3b2690c-6f75-46be-8dc6-21341f73436b', '2027-02-26', 46.08, 1.32, 34.8);
INSERT INTO inventory_snapshots (material_id, snapshot_date, quantity, consumption_rate, days_of_supply) VALUES ('e3b2690c-6f75-46be-8dc6-21341f73436b', '2027-03-28', 45.25, 2.72, 16.6);
INSERT INTO inventory_snapshots (material_id, snapshot_date, quantity, consumption_rate, days_of_supply) VALUES ('e3b2690c-6f75-46be-8dc6-21341f73436b', '2027-04-27', 42.98, 2.91, 14.7);
INSERT INTO inventory_snapshots (material_id, snapshot_date, quantity, consumption_rate, days_of_supply) VALUES ('24989d63-dc25-4bcb-baa2-76beef08dbd5', '2026-06-01', 387.63, 19.65, 19.7);
INSERT INTO inventory_snapshots (material_id, snapshot_date, quantity, consumption_rate, days_of_supply) VALUES ('24989d63-dc25-4bcb-baa2-76beef08dbd5', '2026-07-01', 373.62, 24.99, 14.9);
INSERT INTO inventory_snapshots (material_id, snapshot_date, quantity, consumption_rate, days_of_supply) VALUES ('24989d63-dc25-4bcb-baa2-76beef08dbd5', '2026-07-31', 345.26, 29.71, 11.6);
INSERT INTO inventory_snapshots (material_id, snapshot_date, quantity, consumption_rate, days_of_supply) VALUES ('24989d63-dc25-4bcb-baa2-76beef08dbd5', '2026-08-30', 344.38, 17.74, 19.4);
INSERT INTO inventory_snapshots (material_id, snapshot_date, quantity, consumption_rate, days_of_supply) VALUES ('24989d63-dc25-4bcb-baa2-76beef08dbd5', '2026-09-29', 324.71, 28.33, 11.5);
INSERT INTO inventory_snapshots (material_id, snapshot_date, quantity, consumption_rate, days_of_supply) VALUES ('24989d63-dc25-4bcb-baa2-76beef08dbd5', '2026-10-29', 309.08, 29.14, 10.6);
INSERT INTO inventory_snapshots (material_id, snapshot_date, quantity, consumption_rate, days_of_supply) VALUES ('24989d63-dc25-4bcb-baa2-76beef08dbd5', '2026-11-28', 299.15, 34.7, 8.6);
INSERT INTO inventory_snapshots (material_id, snapshot_date, quantity, consumption_rate, days_of_supply) VALUES ('24989d63-dc25-4bcb-baa2-76beef08dbd5', '2026-12-28', 280.29, 37.19, 7.5);
INSERT INTO inventory_snapshots (material_id, snapshot_date, quantity, consumption_rate, days_of_supply) VALUES ('24989d63-dc25-4bcb-baa2-76beef08dbd5', '2027-01-27', 262.82, 20.37, 12.9);
INSERT INTO inventory_snapshots (material_id, snapshot_date, quantity, consumption_rate, days_of_supply) VALUES ('24989d63-dc25-4bcb-baa2-76beef08dbd5', '2027-02-26', 263.73, 28.69, 9.2);
INSERT INTO inventory_snapshots (material_id, snapshot_date, quantity, consumption_rate, days_of_supply) VALUES ('24989d63-dc25-4bcb-baa2-76beef08dbd5', '2027-03-28', 239.73, 34.97, 6.9);
INSERT INTO inventory_snapshots (material_id, snapshot_date, quantity, consumption_rate, days_of_supply) VALUES ('24989d63-dc25-4bcb-baa2-76beef08dbd5', '2027-04-27', 236.9, 20.91, 11.3);
INSERT INTO inventory_snapshots (material_id, snapshot_date, quantity, consumption_rate, days_of_supply) VALUES ('6506841d-30b9-4976-be7d-19871f018407', '2026-06-01', 408.27, 13.03, 31.3);
INSERT INTO inventory_snapshots (material_id, snapshot_date, quantity, consumption_rate, days_of_supply) VALUES ('6506841d-30b9-4976-be7d-19871f018407', '2026-07-01', 396.16, 30.2, 13.1);
INSERT INTO inventory_snapshots (material_id, snapshot_date, quantity, consumption_rate, days_of_supply) VALUES ('6506841d-30b9-4976-be7d-19871f018407', '2026-07-31', 374.27, 25.24, 14.8);
INSERT INTO inventory_snapshots (material_id, snapshot_date, quantity, consumption_rate, days_of_supply) VALUES ('6506841d-30b9-4976-be7d-19871f018407', '2026-08-30', 342.64, 34.77, 9.9);
INSERT INTO inventory_snapshots (material_id, snapshot_date, quantity, consumption_rate, days_of_supply) VALUES ('6506841d-30b9-4976-be7d-19871f018407', '2026-09-29', 314.05, 35.75, 8.8);
INSERT INTO inventory_snapshots (material_id, snapshot_date, quantity, consumption_rate, days_of_supply) VALUES ('6506841d-30b9-4976-be7d-19871f018407', '2026-10-29', 305.9, 22.02, 13.9);
INSERT INTO inventory_snapshots (material_id, snapshot_date, quantity, consumption_rate, days_of_supply) VALUES ('6506841d-30b9-4976-be7d-19871f018407', '2026-11-28', 285.78, 33.49, 8.5);
INSERT INTO inventory_snapshots (material_id, snapshot_date, quantity, consumption_rate, days_of_supply) VALUES ('6506841d-30b9-4976-be7d-19871f018407', '2026-12-28', 272.31, 24.94, 10.9);
INSERT INTO inventory_snapshots (material_id, snapshot_date, quantity, consumption_rate, days_of_supply) VALUES ('6506841d-30b9-4976-be7d-19871f018407', '2027-01-27', 260.48, 24.49, 10.6);
INSERT INTO inventory_snapshots (material_id, snapshot_date, quantity, consumption_rate, days_of_supply) VALUES ('6506841d-30b9-4976-be7d-19871f018407', '2027-02-26', 236.75, 24.11, 9.8);
INSERT INTO inventory_snapshots (material_id, snapshot_date, quantity, consumption_rate, days_of_supply) VALUES ('6506841d-30b9-4976-be7d-19871f018407', '2027-03-28', 218.77, 20.45, 10.7);
INSERT INTO inventory_snapshots (material_id, snapshot_date, quantity, consumption_rate, days_of_supply) VALUES ('6506841d-30b9-4976-be7d-19871f018407', '2027-04-27', 203.07, 22.62, 9.0);
INSERT INTO inventory_snapshots (material_id, snapshot_date, quantity, consumption_rate, days_of_supply) VALUES ('16954e47-3c53-4734-918b-56b1f5cadd52', '2026-06-01', 293.09, 18.26, 16.1);
INSERT INTO inventory_snapshots (material_id, snapshot_date, quantity, consumption_rate, days_of_supply) VALUES ('16954e47-3c53-4734-918b-56b1f5cadd52', '2026-07-01', 281.76, 14.52, 19.4);
INSERT INTO inventory_snapshots (material_id, snapshot_date, quantity, consumption_rate, days_of_supply) VALUES ('16954e47-3c53-4734-918b-56b1f5cadd52', '2026-07-31', 278.11, 15.32, 18.2);
INSERT INTO inventory_snapshots (material_id, snapshot_date, quantity, consumption_rate, days_of_supply) VALUES ('16954e47-3c53-4734-918b-56b1f5cadd52', '2026-08-30', 266.57, 14.27, 18.7);
INSERT INTO inventory_snapshots (material_id, snapshot_date, quantity, consumption_rate, days_of_supply) VALUES ('16954e47-3c53-4734-918b-56b1f5cadd52', '2026-09-29', 265.24, 7.1, 37.4);
INSERT INTO inventory_snapshots (material_id, snapshot_date, quantity, consumption_rate, days_of_supply) VALUES ('16954e47-3c53-4734-918b-56b1f5cadd52', '2026-10-29', 260.37, 13.53, 19.2);
INSERT INTO inventory_snapshots (material_id, snapshot_date, quantity, consumption_rate, days_of_supply) VALUES ('16954e47-3c53-4734-918b-56b1f5cadd52', '2026-11-28', 247.99, 16.93, 14.6);
INSERT INTO inventory_snapshots (material_id, snapshot_date, quantity, consumption_rate, days_of_supply) VALUES ('16954e47-3c53-4734-918b-56b1f5cadd52', '2026-12-28', 233.32, 17.57, 13.3);
INSERT INTO inventory_snapshots (material_id, snapshot_date, quantity, consumption_rate, days_of_supply) VALUES ('16954e47-3c53-4734-918b-56b1f5cadd52', '2027-01-27', 227.54, 14.19, 16.0);
INSERT INTO inventory_snapshots (material_id, snapshot_date, quantity, consumption_rate, days_of_supply) VALUES ('16954e47-3c53-4734-918b-56b1f5cadd52', '2027-02-26', 223.84, 8.99, 24.9);
INSERT INTO inventory_snapshots (material_id, snapshot_date, quantity, consumption_rate, days_of_supply) VALUES ('16954e47-3c53-4734-918b-56b1f5cadd52', '2027-03-28', 216.7, 12.1, 17.9);
INSERT INTO inventory_snapshots (material_id, snapshot_date, quantity, consumption_rate, days_of_supply) VALUES ('16954e47-3c53-4734-918b-56b1f5cadd52', '2027-04-27', 213.55, 9.17, 23.3);
INSERT INTO inventory_snapshots (material_id, snapshot_date, quantity, consumption_rate, days_of_supply) VALUES ('5c9fec17-a445-4f5d-ae17-3d0b0375dcfa', '2026-06-01', 319.0, 16.02, 19.9);
INSERT INTO inventory_snapshots (material_id, snapshot_date, quantity, consumption_rate, days_of_supply) VALUES ('5c9fec17-a445-4f5d-ae17-3d0b0375dcfa', '2026-07-01', 309.22, 20.37, 15.2);
INSERT INTO inventory_snapshots (material_id, snapshot_date, quantity, consumption_rate, days_of_supply) VALUES ('5c9fec17-a445-4f5d-ae17-3d0b0375dcfa', '2026-07-31', 300.82, 16.82, 17.9);
INSERT INTO inventory_snapshots (material_id, snapshot_date, quantity, consumption_rate, days_of_supply) VALUES ('5c9fec17-a445-4f5d-ae17-3d0b0375dcfa', '2026-08-30', 283.03, 24.97, 11.3);
INSERT INTO inventory_snapshots (material_id, snapshot_date, quantity, consumption_rate, days_of_supply) VALUES ('5c9fec17-a445-4f5d-ae17-3d0b0375dcfa', '2026-09-29', 282.97, 14.41, 19.6);
INSERT INTO inventory_snapshots (material_id, snapshot_date, quantity, consumption_rate, days_of_supply) VALUES ('5c9fec17-a445-4f5d-ae17-3d0b0375dcfa', '2026-10-29', 275.15, 15.81, 17.4);
INSERT INTO inventory_snapshots (material_id, snapshot_date, quantity, consumption_rate, days_of_supply) VALUES ('5c9fec17-a445-4f5d-ae17-3d0b0375dcfa', '2026-11-28', 268.01, 17.29, 15.5);
INSERT INTO inventory_snapshots (material_id, snapshot_date, quantity, consumption_rate, days_of_supply) VALUES ('5c9fec17-a445-4f5d-ae17-3d0b0375dcfa', '2026-12-28', 255.47, 22.75, 11.2);
INSERT INTO inventory_snapshots (material_id, snapshot_date, quantity, consumption_rate, days_of_supply) VALUES ('5c9fec17-a445-4f5d-ae17-3d0b0375dcfa', '2027-01-27', 237.77, 21.66, 11.0);
INSERT INTO inventory_snapshots (material_id, snapshot_date, quantity, consumption_rate, days_of_supply) VALUES ('5c9fec17-a445-4f5d-ae17-3d0b0375dcfa', '2027-02-26', 235.9, 16.23, 14.5);
INSERT INTO inventory_snapshots (material_id, snapshot_date, quantity, consumption_rate, days_of_supply) VALUES ('5c9fec17-a445-4f5d-ae17-3d0b0375dcfa', '2027-03-28', 227.63, 12.74, 17.9);
INSERT INTO inventory_snapshots (material_id, snapshot_date, quantity, consumption_rate, days_of_supply) VALUES ('5c9fec17-a445-4f5d-ae17-3d0b0375dcfa', '2027-04-27', 218.36, 24.01, 9.1);
INSERT INTO inventory_snapshots (material_id, snapshot_date, quantity, consumption_rate, days_of_supply) VALUES ('0ebbe2c7-c3f4-4a1f-ad0a-f547b6a7e0b9', '2026-06-01', 206.76, 11.99, 17.2);
INSERT INTO inventory_snapshots (material_id, snapshot_date, quantity, consumption_rate, days_of_supply) VALUES ('0ebbe2c7-c3f4-4a1f-ad0a-f547b6a7e0b9', '2026-07-01', 201.29, 9.79, 20.6);
INSERT INTO inventory_snapshots (material_id, snapshot_date, quantity, consumption_rate, days_of_supply) VALUES ('0ebbe2c7-c3f4-4a1f-ad0a-f547b6a7e0b9', '2026-07-31', 199.19, 10.52, 18.9);
INSERT INTO inventory_snapshots (material_id, snapshot_date, quantity, consumption_rate, days_of_supply) VALUES ('0ebbe2c7-c3f4-4a1f-ad0a-f547b6a7e0b9', '2026-08-30', 189.62, 12.16, 15.6);
INSERT INTO inventory_snapshots (material_id, snapshot_date, quantity, consumption_rate, days_of_supply) VALUES ('0ebbe2c7-c3f4-4a1f-ad0a-f547b6a7e0b9', '2026-09-29', 183.86, 10.65, 17.3);
INSERT INTO inventory_snapshots (material_id, snapshot_date, quantity, consumption_rate, days_of_supply) VALUES ('0ebbe2c7-c3f4-4a1f-ad0a-f547b6a7e0b9', '2026-10-29', 173.47, 13.94, 12.4);
INSERT INTO inventory_snapshots (material_id, snapshot_date, quantity, consumption_rate, days_of_supply) VALUES ('0ebbe2c7-c3f4-4a1f-ad0a-f547b6a7e0b9', '2026-11-28', 172.11, 8.32, 20.7);
INSERT INTO inventory_snapshots (material_id, snapshot_date, quantity, consumption_rate, days_of_supply) VALUES ('0ebbe2c7-c3f4-4a1f-ad0a-f547b6a7e0b9', '2026-12-28', 166.19, 6.29, 26.4);
INSERT INTO inventory_snapshots (material_id, snapshot_date, quantity, consumption_rate, days_of_supply) VALUES ('0ebbe2c7-c3f4-4a1f-ad0a-f547b6a7e0b9', '2027-01-27', 152.36, 14.54, 10.5);
INSERT INTO inventory_snapshots (material_id, snapshot_date, quantity, consumption_rate, days_of_supply) VALUES ('0ebbe2c7-c3f4-4a1f-ad0a-f547b6a7e0b9', '2027-02-26', 144.04, 14.22, 10.1);
INSERT INTO inventory_snapshots (material_id, snapshot_date, quantity, consumption_rate, days_of_supply) VALUES ('0ebbe2c7-c3f4-4a1f-ad0a-f547b6a7e0b9', '2027-03-28', 133.54, 12.42, 10.7);
INSERT INTO inventory_snapshots (material_id, snapshot_date, quantity, consumption_rate, days_of_supply) VALUES ('0ebbe2c7-c3f4-4a1f-ad0a-f547b6a7e0b9', '2027-04-27', 122.74, 13.25, 9.3);
INSERT INTO inventory_snapshots (material_id, snapshot_date, quantity, consumption_rate, days_of_supply) VALUES ('fd893bc1-9eed-4a77-a050-61a576f5f32e', '2026-06-01', 150.71, 6.31, 23.9);
INSERT INTO inventory_snapshots (material_id, snapshot_date, quantity, consumption_rate, days_of_supply) VALUES ('fd893bc1-9eed-4a77-a050-61a576f5f32e', '2026-07-01', 142.21, 10.3, 13.8);
INSERT INTO inventory_snapshots (material_id, snapshot_date, quantity, consumption_rate, days_of_supply) VALUES ('fd893bc1-9eed-4a77-a050-61a576f5f32e', '2026-07-31', 144.57, 4.43, 32.6);
INSERT INTO inventory_snapshots (material_id, snapshot_date, quantity, consumption_rate, days_of_supply) VALUES ('fd893bc1-9eed-4a77-a050-61a576f5f32e', '2026-08-30', 140.39, 5.92, 23.7);
INSERT INTO inventory_snapshots (material_id, snapshot_date, quantity, consumption_rate, days_of_supply) VALUES ('fd893bc1-9eed-4a77-a050-61a576f5f32e', '2026-09-29', 138.02, 4.85, 28.4);
INSERT INTO inventory_snapshots (material_id, snapshot_date, quantity, consumption_rate, days_of_supply) VALUES ('fd893bc1-9eed-4a77-a050-61a576f5f32e', '2026-10-29', 135.11, 8.02, 16.9);
INSERT INTO inventory_snapshots (material_id, snapshot_date, quantity, consumption_rate, days_of_supply) VALUES ('fd893bc1-9eed-4a77-a050-61a576f5f32e', '2026-11-28', 137.18, 5.17, 26.5);
INSERT INTO inventory_snapshots (material_id, snapshot_date, quantity, consumption_rate, days_of_supply) VALUES ('fd893bc1-9eed-4a77-a050-61a576f5f32e', '2026-12-28', 126.05, 12.31, 10.2);
INSERT INTO inventory_snapshots (material_id, snapshot_date, quantity, consumption_rate, days_of_supply) VALUES ('fd893bc1-9eed-4a77-a050-61a576f5f32e', '2027-01-27', 123.11, 9.55, 12.9);
INSERT INTO inventory_snapshots (material_id, snapshot_date, quantity, consumption_rate, days_of_supply) VALUES ('fd893bc1-9eed-4a77-a050-61a576f5f32e', '2027-02-26', 119.94, 8.04, 14.9);
INSERT INTO inventory_snapshots (material_id, snapshot_date, quantity, consumption_rate, days_of_supply) VALUES ('fd893bc1-9eed-4a77-a050-61a576f5f32e', '2027-03-28', 111.67, 10.43, 10.7);
INSERT INTO inventory_snapshots (material_id, snapshot_date, quantity, consumption_rate, days_of_supply) VALUES ('fd893bc1-9eed-4a77-a050-61a576f5f32e', '2027-04-27', 105.69, 6.43, 16.4);
INSERT INTO inventory_snapshots (material_id, snapshot_date, quantity, consumption_rate, days_of_supply) VALUES ('98d957f9-8b91-4684-9d83-f1a3ed5f3ca3', '2026-06-01', 101.44, 5.73, 17.7);
INSERT INTO inventory_snapshots (material_id, snapshot_date, quantity, consumption_rate, days_of_supply) VALUES ('98d957f9-8b91-4684-9d83-f1a3ed5f3ca3', '2026-07-01', 99.1, 6.17, 16.1);
INSERT INTO inventory_snapshots (material_id, snapshot_date, quantity, consumption_rate, days_of_supply) VALUES ('98d957f9-8b91-4684-9d83-f1a3ed5f3ca3', '2026-07-31', 100.66, 2.59, 38.9);
INSERT INTO inventory_snapshots (material_id, snapshot_date, quantity, consumption_rate, days_of_supply) VALUES ('98d957f9-8b91-4684-9d83-f1a3ed5f3ca3', '2026-08-30', 99.9, 4.53, 22.0);
INSERT INTO inventory_snapshots (material_id, snapshot_date, quantity, consumption_rate, days_of_supply) VALUES ('98d957f9-8b91-4684-9d83-f1a3ed5f3ca3', '2026-09-29', 92.9, 7.16, 13.0);
INSERT INTO inventory_snapshots (material_id, snapshot_date, quantity, consumption_rate, days_of_supply) VALUES ('98d957f9-8b91-4684-9d83-f1a3ed5f3ca3', '2026-10-29', 89.78, 6.66, 13.5);
INSERT INTO inventory_snapshots (material_id, snapshot_date, quantity, consumption_rate, days_of_supply) VALUES ('98d957f9-8b91-4684-9d83-f1a3ed5f3ca3', '2026-11-28', 89.8, 3.35, 26.8);
INSERT INTO inventory_snapshots (material_id, snapshot_date, quantity, consumption_rate, days_of_supply) VALUES ('98d957f9-8b91-4684-9d83-f1a3ed5f3ca3', '2026-12-28', 84.25, 6.85, 12.3);
INSERT INTO inventory_snapshots (material_id, snapshot_date, quantity, consumption_rate, days_of_supply) VALUES ('98d957f9-8b91-4684-9d83-f1a3ed5f3ca3', '2027-01-27', 83.0, 2.59, 32.0);
INSERT INTO inventory_snapshots (material_id, snapshot_date, quantity, consumption_rate, days_of_supply) VALUES ('98d957f9-8b91-4684-9d83-f1a3ed5f3ca3', '2027-02-26', 81.71, 5.47, 14.9);
INSERT INTO inventory_snapshots (material_id, snapshot_date, quantity, consumption_rate, days_of_supply) VALUES ('98d957f9-8b91-4684-9d83-f1a3ed5f3ca3', '2027-03-28', 79.64, 4.11, 19.4);
INSERT INTO inventory_snapshots (material_id, snapshot_date, quantity, consumption_rate, days_of_supply) VALUES ('98d957f9-8b91-4684-9d83-f1a3ed5f3ca3', '2027-04-27', 76.33, 5.67, 13.5);
INSERT INTO inventory_snapshots (material_id, snapshot_date, quantity, consumption_rate, days_of_supply) VALUES ('cd890b86-57e7-4899-a509-e7624125ab74', '2026-06-01', 150.05, 4.11, 36.5);
INSERT INTO inventory_snapshots (material_id, snapshot_date, quantity, consumption_rate, days_of_supply) VALUES ('cd890b86-57e7-4899-a509-e7624125ab74', '2026-07-01', 149.85, 5.06, 29.6);
INSERT INTO inventory_snapshots (material_id, snapshot_date, quantity, consumption_rate, days_of_supply) VALUES ('cd890b86-57e7-4899-a509-e7624125ab74', '2026-07-31', 148.79, 5.45, 27.3);
INSERT INTO inventory_snapshots (material_id, snapshot_date, quantity, consumption_rate, days_of_supply) VALUES ('cd890b86-57e7-4899-a509-e7624125ab74', '2026-08-30', 145.49, 7.61, 19.1);
INSERT INTO inventory_snapshots (material_id, snapshot_date, quantity, consumption_rate, days_of_supply) VALUES ('cd890b86-57e7-4899-a509-e7624125ab74', '2026-09-29', 144.22, 3.3, 43.8);
INSERT INTO inventory_snapshots (material_id, snapshot_date, quantity, consumption_rate, days_of_supply) VALUES ('cd890b86-57e7-4899-a509-e7624125ab74', '2026-10-29', 143.06, 5.21, 27.5);
INSERT INTO inventory_snapshots (material_id, snapshot_date, quantity, consumption_rate, days_of_supply) VALUES ('cd890b86-57e7-4899-a509-e7624125ab74', '2026-11-28', 142.21, 4.51, 31.5);
INSERT INTO inventory_snapshots (material_id, snapshot_date, quantity, consumption_rate, days_of_supply) VALUES ('cd890b86-57e7-4899-a509-e7624125ab74', '2026-12-28', 137.1, 7.54, 18.2);
INSERT INTO inventory_snapshots (material_id, snapshot_date, quantity, consumption_rate, days_of_supply) VALUES ('cd890b86-57e7-4899-a509-e7624125ab74', '2027-01-27', 132.96, 6.11, 21.8);
INSERT INTO inventory_snapshots (material_id, snapshot_date, quantity, consumption_rate, days_of_supply) VALUES ('cd890b86-57e7-4899-a509-e7624125ab74', '2027-02-26', 127.61, 5.93, 21.5);
INSERT INTO inventory_snapshots (material_id, snapshot_date, quantity, consumption_rate, days_of_supply) VALUES ('cd890b86-57e7-4899-a509-e7624125ab74', '2027-03-28', 120.6, 9.88, 12.2);
INSERT INTO inventory_snapshots (material_id, snapshot_date, quantity, consumption_rate, days_of_supply) VALUES ('cd890b86-57e7-4899-a509-e7624125ab74', '2027-04-27', 111.07, 9.56, 11.6);
INSERT INTO inventory_snapshots (material_id, snapshot_date, quantity, consumption_rate, days_of_supply) VALUES ('33afd19b-339d-4d7c-a9a1-ec690f48e439', '2026-06-01', 21.21, 1.25, 17.0);
INSERT INTO inventory_snapshots (material_id, snapshot_date, quantity, consumption_rate, days_of_supply) VALUES ('33afd19b-339d-4d7c-a9a1-ec690f48e439', '2026-07-01', 20.82, 1.09, 19.1);
INSERT INTO inventory_snapshots (material_id, snapshot_date, quantity, consumption_rate, days_of_supply) VALUES ('33afd19b-339d-4d7c-a9a1-ec690f48e439', '2026-07-31', 19.72, 1.42, 13.9);
INSERT INTO inventory_snapshots (material_id, snapshot_date, quantity, consumption_rate, days_of_supply) VALUES ('33afd19b-339d-4d7c-a9a1-ec690f48e439', '2026-08-30', 18.87, 1.13, 16.7);
INSERT INTO inventory_snapshots (material_id, snapshot_date, quantity, consumption_rate, days_of_supply) VALUES ('33afd19b-339d-4d7c-a9a1-ec690f48e439', '2026-09-29', 17.88, 1.55, 11.5);
INSERT INTO inventory_snapshots (material_id, snapshot_date, quantity, consumption_rate, days_of_supply) VALUES ('33afd19b-339d-4d7c-a9a1-ec690f48e439', '2026-10-29', 17.85, 0.86, 20.8);
INSERT INTO inventory_snapshots (material_id, snapshot_date, quantity, consumption_rate, days_of_supply) VALUES ('33afd19b-339d-4d7c-a9a1-ec690f48e439', '2026-11-28', 17.02, 1.9, 9.0);
INSERT INTO inventory_snapshots (material_id, snapshot_date, quantity, consumption_rate, days_of_supply) VALUES ('33afd19b-339d-4d7c-a9a1-ec690f48e439', '2026-12-28', 16.16, 1.69, 9.6);
INSERT INTO inventory_snapshots (material_id, snapshot_date, quantity, consumption_rate, days_of_supply) VALUES ('33afd19b-339d-4d7c-a9a1-ec690f48e439', '2027-01-27', 15.78, 1.51, 10.5);
INSERT INTO inventory_snapshots (material_id, snapshot_date, quantity, consumption_rate, days_of_supply) VALUES ('33afd19b-339d-4d7c-a9a1-ec690f48e439', '2027-02-26', 14.9, 1.14, 13.1);
INSERT INTO inventory_snapshots (material_id, snapshot_date, quantity, consumption_rate, days_of_supply) VALUES ('33afd19b-339d-4d7c-a9a1-ec690f48e439', '2027-03-28', 13.53, 1.94, 7.0);
INSERT INTO inventory_snapshots (material_id, snapshot_date, quantity, consumption_rate, days_of_supply) VALUES ('33afd19b-339d-4d7c-a9a1-ec690f48e439', '2027-04-27', 13.46, 1.26, 10.7);
INSERT INTO inventory_snapshots (material_id, snapshot_date, quantity, consumption_rate, days_of_supply) VALUES ('817928be-2591-41b0-9556-807f47578e04', '2026-06-01', 32.22, 2.39, 13.5);
INSERT INTO inventory_snapshots (material_id, snapshot_date, quantity, consumption_rate, days_of_supply) VALUES ('817928be-2591-41b0-9556-807f47578e04', '2026-07-01', 31.16, 2.5, 12.4);
INSERT INTO inventory_snapshots (material_id, snapshot_date, quantity, consumption_rate, days_of_supply) VALUES ('817928be-2591-41b0-9556-807f47578e04', '2026-07-31', 29.88, 2.64, 11.3);
INSERT INTO inventory_snapshots (material_id, snapshot_date, quantity, consumption_rate, days_of_supply) VALUES ('817928be-2591-41b0-9556-807f47578e04', '2026-08-30', 28.61, 2.35, 12.2);
INSERT INTO inventory_snapshots (material_id, snapshot_date, quantity, consumption_rate, days_of_supply) VALUES ('817928be-2591-41b0-9556-807f47578e04', '2026-09-29', 26.99, 2.57, 10.5);
INSERT INTO inventory_snapshots (material_id, snapshot_date, quantity, consumption_rate, days_of_supply) VALUES ('817928be-2591-41b0-9556-807f47578e04', '2026-10-29', 25.6, 2.04, 12.6);
INSERT INTO inventory_snapshots (material_id, snapshot_date, quantity, consumption_rate, days_of_supply) VALUES ('817928be-2591-41b0-9556-807f47578e04', '2026-11-28', 22.97, 2.83, 8.1);
INSERT INTO inventory_snapshots (material_id, snapshot_date, quantity, consumption_rate, days_of_supply) VALUES ('817928be-2591-41b0-9556-807f47578e04', '2026-12-28', 21.95, 2.65, 8.3);
INSERT INTO inventory_snapshots (material_id, snapshot_date, quantity, consumption_rate, days_of_supply) VALUES ('817928be-2591-41b0-9556-807f47578e04', '2027-01-27', 21.54, 1.37, 15.7);
INSERT INTO inventory_snapshots (material_id, snapshot_date, quantity, consumption_rate, days_of_supply) VALUES ('817928be-2591-41b0-9556-807f47578e04', '2027-02-26', 21.78, 1.3, 16.8);
INSERT INTO inventory_snapshots (material_id, snapshot_date, quantity, consumption_rate, days_of_supply) VALUES ('817928be-2591-41b0-9556-807f47578e04', '2027-03-28', 21.15, 1.86, 11.4);
INSERT INTO inventory_snapshots (material_id, snapshot_date, quantity, consumption_rate, days_of_supply) VALUES ('817928be-2591-41b0-9556-807f47578e04', '2027-04-27', 19.6, 2.42, 8.1);
INSERT INTO inventory_snapshots (material_id, snapshot_date, quantity, consumption_rate, days_of_supply) VALUES ('32f68f3d-66e5-46ca-8640-f398fec6cabf', '2026-06-01', 292.03, 12.46, 23.4);
INSERT INTO inventory_snapshots (material_id, snapshot_date, quantity, consumption_rate, days_of_supply) VALUES ('32f68f3d-66e5-46ca-8640-f398fec6cabf', '2026-07-01', 288.82, 8.19, 35.2);
INSERT INTO inventory_snapshots (material_id, snapshot_date, quantity, consumption_rate, days_of_supply) VALUES ('32f68f3d-66e5-46ca-8640-f398fec6cabf', '2026-07-31', 281.46, 14.07, 20.0);
INSERT INTO inventory_snapshots (material_id, snapshot_date, quantity, consumption_rate, days_of_supply) VALUES ('32f68f3d-66e5-46ca-8640-f398fec6cabf', '2026-08-30', 269.61, 15.55, 17.3);
INSERT INTO inventory_snapshots (material_id, snapshot_date, quantity, consumption_rate, days_of_supply) VALUES ('32f68f3d-66e5-46ca-8640-f398fec6cabf', '2026-09-29', 265.96, 6.7, 39.7);
INSERT INTO inventory_snapshots (material_id, snapshot_date, quantity, consumption_rate, days_of_supply) VALUES ('32f68f3d-66e5-46ca-8640-f398fec6cabf', '2026-10-29', 262.14, 6.44, 40.7);
INSERT INTO inventory_snapshots (material_id, snapshot_date, quantity, consumption_rate, days_of_supply) VALUES ('32f68f3d-66e5-46ca-8640-f398fec6cabf', '2026-11-28', 259.83, 7.39, 35.1);
INSERT INTO inventory_snapshots (material_id, snapshot_date, quantity, consumption_rate, days_of_supply) VALUES ('32f68f3d-66e5-46ca-8640-f398fec6cabf', '2026-12-28', 250.4, 15.93, 15.7);
INSERT INTO inventory_snapshots (material_id, snapshot_date, quantity, consumption_rate, days_of_supply) VALUES ('32f68f3d-66e5-46ca-8640-f398fec6cabf', '2027-01-27', 253.91, 7.22, 35.2);
INSERT INTO inventory_snapshots (material_id, snapshot_date, quantity, consumption_rate, days_of_supply) VALUES ('32f68f3d-66e5-46ca-8640-f398fec6cabf', '2027-02-26', 239.76, 19.81, 12.1);
INSERT INTO inventory_snapshots (material_id, snapshot_date, quantity, consumption_rate, days_of_supply) VALUES ('32f68f3d-66e5-46ca-8640-f398fec6cabf', '2027-03-28', 231.62, 10.3, 22.5);
INSERT INTO inventory_snapshots (material_id, snapshot_date, quantity, consumption_rate, days_of_supply) VALUES ('32f68f3d-66e5-46ca-8640-f398fec6cabf', '2027-04-27', 231.07, 8.24, 28.0);
INSERT INTO inventory_snapshots (material_id, snapshot_date, quantity, consumption_rate, days_of_supply) VALUES ('a6e0ede3-2164-47b3-8c99-09b1926f24c6', '2026-06-01', 130.84, 9.75, 13.4);
INSERT INTO inventory_snapshots (material_id, snapshot_date, quantity, consumption_rate, days_of_supply) VALUES ('a6e0ede3-2164-47b3-8c99-09b1926f24c6', '2026-07-01', 124.27, 9.26, 13.4);
INSERT INTO inventory_snapshots (material_id, snapshot_date, quantity, consumption_rate, days_of_supply) VALUES ('a6e0ede3-2164-47b3-8c99-09b1926f24c6', '2026-07-31', 117.09, 9.44, 12.4);
INSERT INTO inventory_snapshots (material_id, snapshot_date, quantity, consumption_rate, days_of_supply) VALUES ('a6e0ede3-2164-47b3-8c99-09b1926f24c6', '2026-08-30', 119.13, 3.75, 31.8);
INSERT INTO inventory_snapshots (material_id, snapshot_date, quantity, consumption_rate, days_of_supply) VALUES ('a6e0ede3-2164-47b3-8c99-09b1926f24c6', '2026-09-29', 110.79, 9.15, 12.1);
INSERT INTO inventory_snapshots (material_id, snapshot_date, quantity, consumption_rate, days_of_supply) VALUES ('a6e0ede3-2164-47b3-8c99-09b1926f24c6', '2026-10-29', 102.45, 9.05, 11.3);
INSERT INTO inventory_snapshots (material_id, snapshot_date, quantity, consumption_rate, days_of_supply) VALUES ('a6e0ede3-2164-47b3-8c99-09b1926f24c6', '2026-11-28', 94.85, 9.95, 9.5);
INSERT INTO inventory_snapshots (material_id, snapshot_date, quantity, consumption_rate, days_of_supply) VALUES ('a6e0ede3-2164-47b3-8c99-09b1926f24c6', '2026-12-28', 96.66, 4.07, 23.8);
INSERT INTO inventory_snapshots (material_id, snapshot_date, quantity, consumption_rate, days_of_supply) VALUES ('a6e0ede3-2164-47b3-8c99-09b1926f24c6', '2027-01-27', 92.32, 8.88, 10.4);
INSERT INTO inventory_snapshots (material_id, snapshot_date, quantity, consumption_rate, days_of_supply) VALUES ('a6e0ede3-2164-47b3-8c99-09b1926f24c6', '2027-02-26', 85.24, 9.85, 8.7);
INSERT INTO inventory_snapshots (material_id, snapshot_date, quantity, consumption_rate, days_of_supply) VALUES ('a6e0ede3-2164-47b3-8c99-09b1926f24c6', '2027-03-28', 79.7, 8.09, 9.9);
INSERT INTO inventory_snapshots (material_id, snapshot_date, quantity, consumption_rate, days_of_supply) VALUES ('a6e0ede3-2164-47b3-8c99-09b1926f24c6', '2027-04-27', 75.3, 5.78, 13.0);
INSERT INTO inventory_snapshots (material_id, snapshot_date, quantity, consumption_rate, days_of_supply) VALUES ('c0fb27e0-52c3-4161-8114-e186e6a8a18e', '2026-06-01', 1421.58, 53.19, 26.7);
INSERT INTO inventory_snapshots (material_id, snapshot_date, quantity, consumption_rate, days_of_supply) VALUES ('c0fb27e0-52c3-4161-8114-e186e6a8a18e', '2026-07-01', 1364.6, 114.39, 11.9);
INSERT INTO inventory_snapshots (material_id, snapshot_date, quantity, consumption_rate, days_of_supply) VALUES ('c0fb27e0-52c3-4161-8114-e186e6a8a18e', '2026-07-31', 1371.37, 42.74, 32.1);
INSERT INTO inventory_snapshots (material_id, snapshot_date, quantity, consumption_rate, days_of_supply) VALUES ('c0fb27e0-52c3-4161-8114-e186e6a8a18e', '2026-08-30', 1349.32, 92.27, 14.6);
INSERT INTO inventory_snapshots (material_id, snapshot_date, quantity, consumption_rate, days_of_supply) VALUES ('c0fb27e0-52c3-4161-8114-e186e6a8a18e', '2026-09-29', 1251.8, 115.57, 10.8);
INSERT INTO inventory_snapshots (material_id, snapshot_date, quantity, consumption_rate, days_of_supply) VALUES ('c0fb27e0-52c3-4161-8114-e186e6a8a18e', '2026-10-29', 1250.63, 45.72, 27.4);
INSERT INTO inventory_snapshots (material_id, snapshot_date, quantity, consumption_rate, days_of_supply) VALUES ('c0fb27e0-52c3-4161-8114-e186e6a8a18e', '2026-11-28', 1223.08, 77.95, 15.7);
INSERT INTO inventory_snapshots (material_id, snapshot_date, quantity, consumption_rate, days_of_supply) VALUES ('c0fb27e0-52c3-4161-8114-e186e6a8a18e', '2026-12-28', 1127.3, 114.14, 9.9);
INSERT INTO inventory_snapshots (material_id, snapshot_date, quantity, consumption_rate, days_of_supply) VALUES ('c0fb27e0-52c3-4161-8114-e186e6a8a18e', '2027-01-27', 1116.46, 43.76, 25.5);
INSERT INTO inventory_snapshots (material_id, snapshot_date, quantity, consumption_rate, days_of_supply) VALUES ('c0fb27e0-52c3-4161-8114-e186e6a8a18e', '2027-02-26', 1087.16, 85.88, 12.7);
INSERT INTO inventory_snapshots (material_id, snapshot_date, quantity, consumption_rate, days_of_supply) VALUES ('c0fb27e0-52c3-4161-8114-e186e6a8a18e', '2027-03-28', 991.71, 105.97, 9.4);
INSERT INTO inventory_snapshots (material_id, snapshot_date, quantity, consumption_rate, days_of_supply) VALUES ('c0fb27e0-52c3-4161-8114-e186e6a8a18e', '2027-04-27', 884.82, 124.45, 7.1);
INSERT INTO inventory_snapshots (material_id, snapshot_date, quantity, consumption_rate, days_of_supply) VALUES ('5725a7e1-b3cd-452e-87ce-4a085c9a9256', '2026-06-01', 3741.48, 177.94, 21.0);
INSERT INTO inventory_snapshots (material_id, snapshot_date, quantity, consumption_rate, days_of_supply) VALUES ('5725a7e1-b3cd-452e-87ce-4a085c9a9256', '2026-07-01', 3652.9, 211.33, 17.3);
INSERT INTO inventory_snapshots (material_id, snapshot_date, quantity, consumption_rate, days_of_supply) VALUES ('5725a7e1-b3cd-452e-87ce-4a085c9a9256', '2026-07-31', 3664.07, 120.27, 30.5);
INSERT INTO inventory_snapshots (material_id, snapshot_date, quantity, consumption_rate, days_of_supply) VALUES ('5725a7e1-b3cd-452e-87ce-4a085c9a9256', '2026-08-30', 3494.69, 247.57, 14.1);
INSERT INTO inventory_snapshots (material_id, snapshot_date, quantity, consumption_rate, days_of_supply) VALUES ('5725a7e1-b3cd-452e-87ce-4a085c9a9256', '2026-09-29', 3385.65, 150.31, 22.5);
INSERT INTO inventory_snapshots (material_id, snapshot_date, quantity, consumption_rate, days_of_supply) VALUES ('5725a7e1-b3cd-452e-87ce-4a085c9a9256', '2026-10-29', 3299.76, 174.64, 18.9);
INSERT INTO inventory_snapshots (material_id, snapshot_date, quantity, consumption_rate, days_of_supply) VALUES ('5725a7e1-b3cd-452e-87ce-4a085c9a9256', '2026-11-28', 3121.05, 204.99, 15.2);
INSERT INTO inventory_snapshots (material_id, snapshot_date, quantity, consumption_rate, days_of_supply) VALUES ('5725a7e1-b3cd-452e-87ce-4a085c9a9256', '2026-12-28', 3009.04, 195.39, 15.4);
INSERT INTO inventory_snapshots (material_id, snapshot_date, quantity, consumption_rate, days_of_supply) VALUES ('5725a7e1-b3cd-452e-87ce-4a085c9a9256', '2027-01-27', 2972.73, 87.97, 33.8);
INSERT INTO inventory_snapshots (material_id, snapshot_date, quantity, consumption_rate, days_of_supply) VALUES ('5725a7e1-b3cd-452e-87ce-4a085c9a9256', '2027-02-26', 2840.54, 189.36, 15.0);
INSERT INTO inventory_snapshots (material_id, snapshot_date, quantity, consumption_rate, days_of_supply) VALUES ('5725a7e1-b3cd-452e-87ce-4a085c9a9256', '2027-03-28', 2775.83, 169.16, 16.4);
INSERT INTO inventory_snapshots (material_id, snapshot_date, quantity, consumption_rate, days_of_supply) VALUES ('5725a7e1-b3cd-452e-87ce-4a085c9a9256', '2027-04-27', 2671.4, 149.4, 17.9);
INSERT INTO inventory_snapshots (material_id, snapshot_date, quantity, consumption_rate, days_of_supply) VALUES ('2a836c09-1d5a-4e74-baf6-b8b6f1b4a38b', '2026-06-01', 669.74, 51.43, 13.0);
INSERT INTO inventory_snapshots (material_id, snapshot_date, quantity, consumption_rate, days_of_supply) VALUES ('2a836c09-1d5a-4e74-baf6-b8b6f1b4a38b', '2026-07-01', 672.83, 35.49, 19.0);
INSERT INTO inventory_snapshots (material_id, snapshot_date, quantity, consumption_rate, days_of_supply) VALUES ('2a836c09-1d5a-4e74-baf6-b8b6f1b4a38b', '2026-07-31', 662.31, 31.36, 21.1);
INSERT INTO inventory_snapshots (material_id, snapshot_date, quantity, consumption_rate, days_of_supply) VALUES ('2a836c09-1d5a-4e74-baf6-b8b6f1b4a38b', '2026-08-30', 653.94, 26.94, 24.3);
INSERT INTO inventory_snapshots (material_id, snapshot_date, quantity, consumption_rate, days_of_supply) VALUES ('2a836c09-1d5a-4e74-baf6-b8b6f1b4a38b', '2026-09-29', 632.55, 45.24, 14.0);
INSERT INTO inventory_snapshots (material_id, snapshot_date, quantity, consumption_rate, days_of_supply) VALUES ('2a836c09-1d5a-4e74-baf6-b8b6f1b4a38b', '2026-10-29', 600.21, 43.81, 13.7);
INSERT INTO inventory_snapshots (material_id, snapshot_date, quantity, consumption_rate, days_of_supply) VALUES ('2a836c09-1d5a-4e74-baf6-b8b6f1b4a38b', '2026-11-28', 562.93, 40.84, 13.8);
INSERT INTO inventory_snapshots (material_id, snapshot_date, quantity, consumption_rate, days_of_supply) VALUES ('2a836c09-1d5a-4e74-baf6-b8b6f1b4a38b', '2026-12-28', 532.69, 46.94, 11.3);
INSERT INTO inventory_snapshots (material_id, snapshot_date, quantity, consumption_rate, days_of_supply) VALUES ('2a836c09-1d5a-4e74-baf6-b8b6f1b4a38b', '2027-01-27', 518.69, 51.32, 10.1);
INSERT INTO inventory_snapshots (material_id, snapshot_date, quantity, consumption_rate, days_of_supply) VALUES ('2a836c09-1d5a-4e74-baf6-b8b6f1b4a38b', '2027-02-26', 509.04, 26.63, 19.1);
INSERT INTO inventory_snapshots (material_id, snapshot_date, quantity, consumption_rate, days_of_supply) VALUES ('2a836c09-1d5a-4e74-baf6-b8b6f1b4a38b', '2027-03-28', 455.96, 54.85, 8.3);
INSERT INTO inventory_snapshots (material_id, snapshot_date, quantity, consumption_rate, days_of_supply) VALUES ('2a836c09-1d5a-4e74-baf6-b8b6f1b4a38b', '2027-04-27', 464.46, 27.71, 16.8);
INSERT INTO inventory_snapshots (material_id, snapshot_date, quantity, consumption_rate, days_of_supply) VALUES ('20f8a95e-e41c-400b-89cb-663c97cf1cdd', '2026-06-01', 602.71, 38.83, 15.5);
INSERT INTO inventory_snapshots (material_id, snapshot_date, quantity, consumption_rate, days_of_supply) VALUES ('20f8a95e-e41c-400b-89cb-663c97cf1cdd', '2026-07-01', 606.82, 23.1, 26.3);
INSERT INTO inventory_snapshots (material_id, snapshot_date, quantity, consumption_rate, days_of_supply) VALUES ('20f8a95e-e41c-400b-89cb-663c97cf1cdd', '2026-07-31', 607.78, 26.31, 23.1);
INSERT INTO inventory_snapshots (material_id, snapshot_date, quantity, consumption_rate, days_of_supply) VALUES ('20f8a95e-e41c-400b-89cb-663c97cf1cdd', '2026-08-30', 590.28, 23.2, 25.4);
INSERT INTO inventory_snapshots (material_id, snapshot_date, quantity, consumption_rate, days_of_supply) VALUES ('20f8a95e-e41c-400b-89cb-663c97cf1cdd', '2026-09-29', 571.48, 41.21, 13.9);
INSERT INTO inventory_snapshots (material_id, snapshot_date, quantity, consumption_rate, days_of_supply) VALUES ('20f8a95e-e41c-400b-89cb-663c97cf1cdd', '2026-10-29', 557.27, 41.65, 13.4);
INSERT INTO inventory_snapshots (material_id, snapshot_date, quantity, consumption_rate, days_of_supply) VALUES ('20f8a95e-e41c-400b-89cb-663c97cf1cdd', '2026-11-28', 538.73, 39.65, 13.6);
INSERT INTO inventory_snapshots (material_id, snapshot_date, quantity, consumption_rate, days_of_supply) VALUES ('20f8a95e-e41c-400b-89cb-663c97cf1cdd', '2026-12-28', 516.42, 29.49, 17.5);
INSERT INTO inventory_snapshots (material_id, snapshot_date, quantity, consumption_rate, days_of_supply) VALUES ('20f8a95e-e41c-400b-89cb-663c97cf1cdd', '2027-01-27', 497.98, 26.93, 18.5);
INSERT INTO inventory_snapshots (material_id, snapshot_date, quantity, consumption_rate, days_of_supply) VALUES ('20f8a95e-e41c-400b-89cb-663c97cf1cdd', '2027-02-26', 485.59, 31.85, 15.2);
INSERT INTO inventory_snapshots (material_id, snapshot_date, quantity, consumption_rate, days_of_supply) VALUES ('20f8a95e-e41c-400b-89cb-663c97cf1cdd', '2027-03-28', 469.89, 26.49, 17.7);
INSERT INTO inventory_snapshots (material_id, snapshot_date, quantity, consumption_rate, days_of_supply) VALUES ('20f8a95e-e41c-400b-89cb-663c97cf1cdd', '2027-04-27', 437.86, 46.02, 9.5);
INSERT INTO inventory_snapshots (material_id, snapshot_date, quantity, consumption_rate, days_of_supply) VALUES ('c18566cc-c751-4e85-8b17-86da779dd365', '2026-06-01', 703.41, 40.56, 17.3);
INSERT INTO inventory_snapshots (material_id, snapshot_date, quantity, consumption_rate, days_of_supply) VALUES ('c18566cc-c751-4e85-8b17-86da779dd365', '2026-07-01', 682.62, 26.89, 25.4);
INSERT INTO inventory_snapshots (material_id, snapshot_date, quantity, consumption_rate, days_of_supply) VALUES ('c18566cc-c751-4e85-8b17-86da779dd365', '2026-07-31', 657.35, 26.64, 24.7);
INSERT INTO inventory_snapshots (material_id, snapshot_date, quantity, consumption_rate, days_of_supply) VALUES ('c18566cc-c751-4e85-8b17-86da779dd365', '2026-08-30', 634.21, 45.38, 14.0);
INSERT INTO inventory_snapshots (material_id, snapshot_date, quantity, consumption_rate, days_of_supply) VALUES ('c18566cc-c751-4e85-8b17-86da779dd365', '2026-09-29', 634.26, 16.55, 38.3);
INSERT INTO inventory_snapshots (material_id, snapshot_date, quantity, consumption_rate, days_of_supply) VALUES ('c18566cc-c751-4e85-8b17-86da779dd365', '2026-10-29', 620.0, 35.86, 17.3);
INSERT INTO inventory_snapshots (material_id, snapshot_date, quantity, consumption_rate, days_of_supply) VALUES ('c18566cc-c751-4e85-8b17-86da779dd365', '2026-11-28', 599.85, 26.04, 23.0);
INSERT INTO inventory_snapshots (material_id, snapshot_date, quantity, consumption_rate, days_of_supply) VALUES ('c18566cc-c751-4e85-8b17-86da779dd365', '2026-12-28', 593.12, 23.82, 24.9);
INSERT INTO inventory_snapshots (material_id, snapshot_date, quantity, consumption_rate, days_of_supply) VALUES ('c18566cc-c751-4e85-8b17-86da779dd365', '2027-01-27', 585.29, 24.35, 24.0);
INSERT INTO inventory_snapshots (material_id, snapshot_date, quantity, consumption_rate, days_of_supply) VALUES ('c18566cc-c751-4e85-8b17-86da779dd365', '2027-02-26', 547.34, 48.08, 11.4);
INSERT INTO inventory_snapshots (material_id, snapshot_date, quantity, consumption_rate, days_of_supply) VALUES ('c18566cc-c751-4e85-8b17-86da779dd365', '2027-03-28', 520.04, 41.95, 12.4);
INSERT INTO inventory_snapshots (material_id, snapshot_date, quantity, consumption_rate, days_of_supply) VALUES ('c18566cc-c751-4e85-8b17-86da779dd365', '2027-04-27', 501.63, 40.6, 12.4);
INSERT INTO inventory_snapshots (material_id, snapshot_date, quantity, consumption_rate, days_of_supply) VALUES ('8ce27403-e92b-4b3a-b497-401bf3e2cd52', '2026-06-01', 138.5, 10.23, 13.5);
INSERT INTO inventory_snapshots (material_id, snapshot_date, quantity, consumption_rate, days_of_supply) VALUES ('8ce27403-e92b-4b3a-b497-401bf3e2cd52', '2026-07-01', 137.41, 5.19, 26.5);
INSERT INTO inventory_snapshots (material_id, snapshot_date, quantity, consumption_rate, days_of_supply) VALUES ('8ce27403-e92b-4b3a-b497-401bf3e2cd52', '2026-07-31', 138.51, 5.56, 24.9);
INSERT INTO inventory_snapshots (material_id, snapshot_date, quantity, consumption_rate, days_of_supply) VALUES ('8ce27403-e92b-4b3a-b497-401bf3e2cd52', '2026-08-30', 133.27, 12.42, 10.7);
INSERT INTO inventory_snapshots (material_id, snapshot_date, quantity, consumption_rate, days_of_supply) VALUES ('8ce27403-e92b-4b3a-b497-401bf3e2cd52', '2026-09-29', 131.11, 8.45, 15.5);
INSERT INTO inventory_snapshots (material_id, snapshot_date, quantity, consumption_rate, days_of_supply) VALUES ('8ce27403-e92b-4b3a-b497-401bf3e2cd52', '2026-10-29', 132.62, 4.63, 28.6);
INSERT INTO inventory_snapshots (material_id, snapshot_date, quantity, consumption_rate, days_of_supply) VALUES ('8ce27403-e92b-4b3a-b497-401bf3e2cd52', '2026-11-28', 128.25, 4.41, 29.1);
INSERT INTO inventory_snapshots (material_id, snapshot_date, quantity, consumption_rate, days_of_supply) VALUES ('8ce27403-e92b-4b3a-b497-401bf3e2cd52', '2026-12-28', 127.81, 5.17, 24.7);
INSERT INTO inventory_snapshots (material_id, snapshot_date, quantity, consumption_rate, days_of_supply) VALUES ('8ce27403-e92b-4b3a-b497-401bf3e2cd52', '2027-01-27', 124.37, 4.58, 27.2);
INSERT INTO inventory_snapshots (material_id, snapshot_date, quantity, consumption_rate, days_of_supply) VALUES ('8ce27403-e92b-4b3a-b497-401bf3e2cd52', '2027-02-26', 121.93, 5.86, 20.8);
INSERT INTO inventory_snapshots (material_id, snapshot_date, quantity, consumption_rate, days_of_supply) VALUES ('8ce27403-e92b-4b3a-b497-401bf3e2cd52', '2027-03-28', 122.2, 4.51, 27.1);
INSERT INTO inventory_snapshots (material_id, snapshot_date, quantity, consumption_rate, days_of_supply) VALUES ('8ce27403-e92b-4b3a-b497-401bf3e2cd52', '2027-04-27', 117.1, 11.94, 9.8);
INSERT INTO inventory_snapshots (material_id, snapshot_date, quantity, consumption_rate, days_of_supply) VALUES ('c6d1736c-86f0-41f3-b98c-d2758ee898dc', '2026-06-01', 13.26, 0.33, 40.1);
INSERT INTO inventory_snapshots (material_id, snapshot_date, quantity, consumption_rate, days_of_supply) VALUES ('c6d1736c-86f0-41f3-b98c-d2758ee898dc', '2026-07-01', 12.67, 0.6, 21.1);
INSERT INTO inventory_snapshots (material_id, snapshot_date, quantity, consumption_rate, days_of_supply) VALUES ('c6d1736c-86f0-41f3-b98c-d2758ee898dc', '2026-07-31', 12.18, 0.81, 15.0);
INSERT INTO inventory_snapshots (material_id, snapshot_date, quantity, consumption_rate, days_of_supply) VALUES ('c6d1736c-86f0-41f3-b98c-d2758ee898dc', '2026-08-30', 11.97, 0.51, 23.2);
INSERT INTO inventory_snapshots (material_id, snapshot_date, quantity, consumption_rate, days_of_supply) VALUES ('c6d1736c-86f0-41f3-b98c-d2758ee898dc', '2026-09-29', 11.43, 0.79, 14.4);
INSERT INTO inventory_snapshots (material_id, snapshot_date, quantity, consumption_rate, days_of_supply) VALUES ('c6d1736c-86f0-41f3-b98c-d2758ee898dc', '2026-10-29', 10.58, 0.96, 11.0);
INSERT INTO inventory_snapshots (material_id, snapshot_date, quantity, consumption_rate, days_of_supply) VALUES ('c6d1736c-86f0-41f3-b98c-d2758ee898dc', '2026-11-28', 9.95, 0.94, 10.5);
INSERT INTO inventory_snapshots (material_id, snapshot_date, quantity, consumption_rate, days_of_supply) VALUES ('c6d1736c-86f0-41f3-b98c-d2758ee898dc', '2026-12-28', 9.84, 0.48, 20.3);
INSERT INTO inventory_snapshots (material_id, snapshot_date, quantity, consumption_rate, days_of_supply) VALUES ('c6d1736c-86f0-41f3-b98c-d2758ee898dc', '2027-01-27', 9.56, 0.49, 19.4);
INSERT INTO inventory_snapshots (material_id, snapshot_date, quantity, consumption_rate, days_of_supply) VALUES ('c6d1736c-86f0-41f3-b98c-d2758ee898dc', '2027-02-26', 8.75, 0.86, 10.2);
INSERT INTO inventory_snapshots (material_id, snapshot_date, quantity, consumption_rate, days_of_supply) VALUES ('c6d1736c-86f0-41f3-b98c-d2758ee898dc', '2027-03-28', 8.05, 0.97, 8.3);
INSERT INTO inventory_snapshots (material_id, snapshot_date, quantity, consumption_rate, days_of_supply) VALUES ('c6d1736c-86f0-41f3-b98c-d2758ee898dc', '2027-04-27', 7.98, 0.49, 16.5);
INSERT INTO inventory_snapshots (material_id, snapshot_date, quantity, consumption_rate, days_of_supply) VALUES ('a6920ea0-7ff1-4876-9573-57490bcb01d8', '2026-06-01', 9.57, 0.88, 10.8);
INSERT INTO inventory_snapshots (material_id, snapshot_date, quantity, consumption_rate, days_of_supply) VALUES ('a6920ea0-7ff1-4876-9573-57490bcb01d8', '2026-07-01', 8.96, 0.99, 9.0);
INSERT INTO inventory_snapshots (material_id, snapshot_date, quantity, consumption_rate, days_of_supply) VALUES ('a6920ea0-7ff1-4876-9573-57490bcb01d8', '2026-07-31', 8.86, 0.34, 25.9);
INSERT INTO inventory_snapshots (material_id, snapshot_date, quantity, consumption_rate, days_of_supply) VALUES ('a6920ea0-7ff1-4876-9573-57490bcb01d8', '2026-08-30', 8.57, 0.58, 14.9);
INSERT INTO inventory_snapshots (material_id, snapshot_date, quantity, consumption_rate, days_of_supply) VALUES ('a6920ea0-7ff1-4876-9573-57490bcb01d8', '2026-09-29', 8.24, 0.75, 10.9);
INSERT INTO inventory_snapshots (material_id, snapshot_date, quantity, consumption_rate, days_of_supply) VALUES ('a6920ea0-7ff1-4876-9573-57490bcb01d8', '2026-10-29', 8.37, 0.38, 22.3);
INSERT INTO inventory_snapshots (material_id, snapshot_date, quantity, consumption_rate, days_of_supply) VALUES ('a6920ea0-7ff1-4876-9573-57490bcb01d8', '2026-11-28', 7.81, 0.76, 10.3);
INSERT INTO inventory_snapshots (material_id, snapshot_date, quantity, consumption_rate, days_of_supply) VALUES ('a6920ea0-7ff1-4876-9573-57490bcb01d8', '2026-12-28', 7.41, 0.98, 7.5);
INSERT INTO inventory_snapshots (material_id, snapshot_date, quantity, consumption_rate, days_of_supply) VALUES ('a6920ea0-7ff1-4876-9573-57490bcb01d8', '2027-01-27', 7.03, 0.93, 7.6);
INSERT INTO inventory_snapshots (material_id, snapshot_date, quantity, consumption_rate, days_of_supply) VALUES ('a6920ea0-7ff1-4876-9573-57490bcb01d8', '2027-02-26', 7.1, 0.48, 14.9);
INSERT INTO inventory_snapshots (material_id, snapshot_date, quantity, consumption_rate, days_of_supply) VALUES ('a6920ea0-7ff1-4876-9573-57490bcb01d8', '2027-03-28', 6.65, 0.79, 8.4);
INSERT INTO inventory_snapshots (material_id, snapshot_date, quantity, consumption_rate, days_of_supply) VALUES ('a6920ea0-7ff1-4876-9573-57490bcb01d8', '2027-04-27', 6.7, 0.5, 13.3);

COMMIT;